Order_ID,Order_Date,City,Restaurant_Name,Food_Category,Order_Value,Delivery_Time,Rating,Payment_Method,Order_Status
1,22-11-2023,Mumbai,Pizza Corner,Fast Food,182,59,2.9,COD,Delivered
2,25-08-2023,Delhi,Foodie Palace,Desserts,562,47,2.9,COD,Delivered
3,21-09-2023,Delhi,Foodie Palace,Non-Veg,1164,35,4.9,UPI,Delivered
4,12-11-2023,Chennai,Burger Town,Non-Veg,1458,18,4.7,Card,Cancelled
5,22-02-2023,Mumbai,Pizza Corner,Fast Food,553,54,3.4,Card,Cancelled
6,01-05-2023,Mumbai,Tasty Bites,Veg,455,28,3,COD,Cancelled
7,26-04-2023,Chennai,Tasty Bites,Non-Veg,1357,34,3.1,Card,Cancelled
8,27-06-2023,Chennai,Spice Hub,Non-Veg,666,50,3.9,Card,Delivered
9,08-02-2023,Mumbai,Foodie Palace,Non-Veg,1434,17,4.3,UPI,Delivered
10,16-03-2023,Chennai,Foodie Palace,Veg,980,26,4.7,COD,Delivered
11,15-10-2023,Hyderabad,Pizza Corner,Fast Food,852,53,4.3,Card,Delivered
12,23-03-2023,Hyderabad,Pizza Corner,Non-Veg,324,24,3,UPI,Delivered
13,24-07-2023,Delhi,Pizza Corner,Fast Food,884,60,3.1,UPI,Delivered
14,18-09-2023,Delhi,Foodie Palace,Non-Veg,1487,38,2.8,COD,Cancelled
15,26-08-2023,Hyderabad,Burger Town,Fast Food,186,52,4.8,UPI,Cancelled
16,25-08-2023,Mumbai,Tasty Bites,Fast Food,940,26,2.5,UPI,Cancelled
17,27-09-2023,Chennai,Burger Town,Fast Food,475,32,3.4,UPI,Delivered
18,02-01-2023,Delhi,Tasty Bites,Veg,1466,20,2.5,Card,Cancelled
19,15-01-2023,Delhi,Burger Town,Veg,1006,20,4.4,UPI,Delivered
20,15-09-2023,Chennai,Foodie Palace,Fast Food,482,21,3.9,COD,Delivered
21,11-02-2023,Chennai,Tasty Bites,Non-Veg,1001,28,3.6,UPI,Cancelled
22,06-11-2023,Mumbai,Pizza Corner,Non-Veg,1174,24,4.5,COD,Cancelled
23,09-08-2023,Mumbai,Burger Town,Fast Food,330,41,3.9,Card,Cancelled
24,24-07-2023,Bangalore,Burger Town,Fast Food,550,51,4,Card,Delivered
25,24-11-2023,Hyderabad,Spice Hub,Desserts,879,37,4,UPI,Cancelled
26,10-01-2023,Chennai,Spice Hub,Fast Food,190,29,2.8,COD,Delivered
27,25-08-2023,Delhi,Spice Hub,Fast Food,165,49,3.3,UPI,Delivered
28,13-02-2023,Bangalore,Foodie Palace,Non-Veg,387,35,4.5,Card,Cancelled
29,18-12-2023,Delhi,Foodie Palace,Fast Food,539,36,4,UPI,Delivered
30,08-04-2023,Hyderabad,Spice Hub,Veg,1379,51,2.6,UPI,Delivered
31,29-10-2023,Delhi,Pizza Corner,Non-Veg,1311,21,3.5,UPI,Cancelled
32,07-09-2023,Bangalore,Tasty Bites,Fast Food,1092,53,4.8,Card,Cancelled
33,19-11-2023,Mumbai,Burger Town,Fast Food,1030,46,2.7,COD,Delivered
34,17-06-2023,Chennai,Pizza Corner,Desserts,858,45,4.6,Card,Cancelled
35,20-08-2023,Delhi,Pizza Corner,Fast Food,466,42,3,COD,Cancelled
36,25-05-2023,Hyderabad,Burger Town,Veg,366,57,4.7,COD,Delivered
37,21-11-2023,Bangalore,Burger Town,Fast Food,586,50,4.7,UPI,Delivered
38,03-08-2023,Mumbai,Burger Town,Fast Food,1331,37,2.8,UPI,Delivered
39,07-07-2023,Hyderabad,Pizza Corner,Non-Veg,437,31,2.8,UPI,Delivered
40,29-08-2023,Mumbai,Burger Town,Desserts,477,23,4.1,COD,Delivered
41,03-02-2023,Mumbai,Pizza Corner,Desserts,761,54,3.1,Card,Delivered
42,02-09-2023,Hyderabad,Tasty Bites,Fast Food,1485,56,2.9,UPI,Delivered
43,23-06-2023,Hyderabad,Tasty Bites,Fast Food,626,44,3.7,COD,Delivered
44,29-04-2023,Delhi,Foodie Palace,Non-Veg,1317,50,4,COD,Cancelled
45,13-07-2023,Bangalore,Burger Town,Veg,579,28,2.9,COD,Delivered
46,23-09-2023,Mumbai,Burger Town,Desserts,1013,46,3.7,COD,Delivered
47,20-05-2023,Delhi,Burger Town,Fast Food,1178,60,3.3,UPI,Delivered
48,24-01-2023,Chennai,Tasty Bites,Desserts,1254,19,4.6,COD,Delivered
49,28-05-2023,Mumbai,Tasty Bites,Veg,830,46,3.1,Card,Cancelled
50,10-11-2023,Delhi,Foodie Palace,Fast Food,1181,44,3.4,COD,Delivered
51,10-05-2023,Hyderabad,Tasty Bites,Veg,143,35,4.2,Card,Cancelled
52,11-11-2023,Chennai,Pizza Corner,Veg,218,43,3.2,UPI,Delivered
53,21-03-2023,Bangalore,Pizza Corner,Non-Veg,1497,42,3.4,COD,Cancelled
54,31-12-2023,Delhi,Burger Town,Non-Veg,981,54,4,COD,Delivered
55,28-12-2023,Mumbai,Spice Hub,Non-Veg,940,25,4.4,UPI,Cancelled
56,01-09-2023,Delhi,Pizza Corner,Desserts,1417,39,3.6,UPI,Cancelled
57,12-07-2023,Bangalore,Pizza Corner,Fast Food,679,18,4.2,Card,Delivered
58,01-08-2023,Mumbai,Spice Hub,Non-Veg,459,15,3.5,Card,Cancelled
59,22-08-2023,Bangalore,Tasty Bites,Non-Veg,630,17,3,Card,Cancelled
60,07-05-2023,Delhi,Tasty Bites,Desserts,710,26,4.2,COD,Cancelled
61,12-07-2023,Mumbai,Foodie Palace,Fast Food,726,15,2.5,Card,Delivered
62,22-09-2023,Mumbai,Pizza Corner,Fast Food,713,31,3.2,Card,Delivered
63,03-01-2023,Bangalore,Pizza Corner,Fast Food,1208,21,3.2,Card,Cancelled
64,04-09-2023,Mumbai,Foodie Palace,Veg,150,17,4.1,UPI,Cancelled
65,07-12-2023,Chennai,Spice Hub,Veg,187,57,3.8,UPI,Delivered
66,06-08-2023,Mumbai,Tasty Bites,Non-Veg,400,27,3.5,Card,Cancelled
67,20-08-2023,Hyderabad,Tasty Bites,Desserts,533,54,3.7,COD,Delivered
68,03-02-2023,Bangalore,Tasty Bites,Desserts,787,52,4.2,COD,Cancelled
69,22-04-2023,Bangalore,Spice Hub,Non-Veg,161,50,3.2,Card,Cancelled
70,17-10-2023,Chennai,Pizza Corner,Fast Food,532,22,2.9,Card,Delivered
71,14-11-2023,Mumbai,Tasty Bites,Non-Veg,1472,24,3.4,COD,Cancelled
72,17-11-2023,Bangalore,Pizza Corner,Fast Food,540,58,4.3,UPI,Cancelled
73,17-05-2023,Delhi,Burger Town,Non-Veg,1177,52,3.3,COD,Delivered
74,31-03-2023,Delhi,Tasty Bites,Non-Veg,1296,37,3.9,COD,Delivered
75,18-09-2023,Chennai,Pizza Corner,Veg,854,35,3.6,Card,Delivered
76,14-01-2023,Chennai,Pizza Corner,Non-Veg,412,52,2.7,COD,Cancelled
77,15-09-2023,Bangalore,Burger Town,Non-Veg,919,41,4.1,Card,Delivered
78,06-10-2023,Hyderabad,Burger Town,Veg,1442,54,4.4,COD,Cancelled
79,16-12-2023,Hyderabad,Spice Hub,Desserts,601,46,4.5,Card,Delivered
80,06-04-2023,Hyderabad,Spice Hub,Veg,1263,41,3.6,UPI,Delivered
81,11-06-2023,Delhi,Spice Hub,Veg,727,60,5,COD,Delivered
82,14-01-2023,Bangalore,Burger Town,Veg,1038,30,3.5,COD,Delivered
83,19-01-2023,Mumbai,Spice Hub,Veg,739,56,2.5,COD,Delivered
84,09-07-2023,Chennai,Burger Town,Fast Food,496,60,4.7,Card,Delivered
85,10-11-2023,Mumbai,Burger Town,Fast Food,1389,37,4.6,Card,Delivered
86,21-04-2023,Chennai,Tasty Bites,Veg,229,52,2.6,UPI,Cancelled
87,07-10-2023,Hyderabad,Spice Hub,Fast Food,949,58,4,COD,Cancelled
88,20-08-2023,Chennai,Tasty Bites,Veg,1082,47,4.6,UPI,Cancelled
89,08-02-2023,Hyderabad,Foodie Palace,Fast Food,964,39,4.4,COD,Delivered
90,23-11-2023,Delhi,Foodie Palace,Non-Veg,333,23,4.4,Card,Delivered
91,22-08-2023,Bangalore,Tasty Bites,Fast Food,670,15,3,Card,Cancelled
92,07-11-2023,Chennai,Tasty Bites,Non-Veg,1132,43,4.6,COD,Delivered
93,31-12-2023,Bangalore,Burger Town,Desserts,373,30,2.9,COD,Delivered
94,03-04-2023,Hyderabad,Burger Town,Non-Veg,449,35,4.5,UPI,Cancelled
95,24-03-2023,Mumbai,Tasty Bites,Fast Food,315,47,4.3,UPI,Delivered
96,21-09-2023,Delhi,Tasty Bites,Non-Veg,915,43,3.3,COD,Delivered
97,27-01-2023,Chennai,Tasty Bites,Fast Food,374,51,4.8,COD,Delivered
98,24-05-2023,Bangalore,Foodie Palace,Fast Food,366,60,2.7,UPI,Delivered
99,11-10-2023,Delhi,Foodie Palace,Fast Food,741,17,4.1,Card,Cancelled
100,03-12-2023,Chennai,Burger Town,Desserts,788,45,2.9,UPI,Cancelled
101,25-06-2023,Hyderabad,Spice Hub,Veg,1425,42,3.5,COD,Cancelled
102,18-11-2023,Mumbai,Foodie Palace,Non-Veg,560,22,4.9,COD,Cancelled
103,29-12-2023,Hyderabad,Spice Hub,Desserts,373,42,4.3,COD,Cancelled
104,26-12-2023,Mumbai,Burger Town,Fast Food,401,60,3.1,UPI,Cancelled
105,21-01-2023,Delhi,Foodie Palace,Fast Food,420,60,3.2,COD,Cancelled
106,05-08-2023,Hyderabad,Spice Hub,Desserts,727,60,3.7,Card,Delivered
107,15-02-2023,Chennai,Spice Hub,Non-Veg,1399,59,4.6,Card,Cancelled
108,06-09-2023,Hyderabad,Burger Town,Non-Veg,938,26,3.9,Card,Cancelled
109,17-02-2023,Bangalore,Foodie Palace,Fast Food,665,60,3.2,UPI,Delivered
110,14-05-2023,Chennai,Foodie Palace,Fast Food,1085,29,4.8,Card,Cancelled
111,11-06-2023,Delhi,Pizza Corner,Non-Veg,196,47,3.3,UPI,Delivered
112,17-05-2023,Hyderabad,Spice Hub,Non-Veg,550,47,3.3,Card,Cancelled
113,26-04-2023,Bangalore,Pizza Corner,Desserts,646,52,3,Card,Cancelled
114,12-09-2023,Hyderabad,Burger Town,Desserts,565,51,4.8,Card,Cancelled
115,26-04-2023,Bangalore,Spice Hub,Fast Food,104,57,4.1,COD,Cancelled
116,19-01-2023,Mumbai,Spice Hub,Desserts,237,46,3.7,Card,Cancelled
117,07-06-2023,Delhi,Foodie Palace,Non-Veg,266,23,4.5,Card,Cancelled
118,26-07-2023,Hyderabad,Burger Town,Desserts,1370,27,2.9,Card,Delivered
119,26-05-2023,Delhi,Tasty Bites,Veg,1266,30,2.6,COD,Delivered
120,30-10-2023,Chennai,Pizza Corner,Non-Veg,374,18,2.9,Card,Delivered
121,15-04-2023,Bangalore,Foodie Palace,Non-Veg,419,27,3.8,Card,Delivered
122,19-02-2023,Bangalore,Pizza Corner,Desserts,137,60,3.7,UPI,Cancelled
123,21-08-2023,Delhi,Pizza Corner,Fast Food,195,39,4.5,Card,Cancelled
124,25-06-2023,Chennai,Pizza Corner,Veg,592,21,2.6,COD,Cancelled
125,17-11-2023,Chennai,Spice Hub,Fast Food,874,22,4.3,COD,Delivered
126,26-09-2023,Hyderabad,Pizza Corner,Non-Veg,297,32,3,COD,Delivered
127,23-01-2023,Hyderabad,Pizza Corner,Non-Veg,1272,55,4.2,COD,Delivered
128,26-06-2023,Chennai,Spice Hub,Fast Food,284,46,4.5,UPI,Delivered
129,04-09-2023,Hyderabad,Foodie Palace,Desserts,413,56,3.9,COD,Delivered
130,20-03-2023,Bangalore,Tasty Bites,Fast Food,593,23,4.3,Card,Delivered
131,02-09-2023,Chennai,Tasty Bites,Veg,378,35,2.8,Card,Cancelled
132,29-08-2023,Hyderabad,Tasty Bites,Fast Food,267,41,3.3,UPI,Delivered
133,13-03-2023,Chennai,Pizza Corner,Veg,287,34,4.9,UPI,Delivered
134,17-11-2023,Mumbai,Spice Hub,Desserts,1207,31,4.8,COD,Cancelled
135,02-01-2023,Delhi,Foodie Palace,Veg,1129,57,3.9,UPI,Delivered
136,18-11-2023,Chennai,Tasty Bites,Non-Veg,949,33,3.3,UPI,Cancelled
137,12-06-2023,Mumbai,Burger Town,Veg,817,43,4.1,UPI,Delivered
138,29-09-2023,Bangalore,Spice Hub,Non-Veg,696,34,2.6,Card,Cancelled
139,20-02-2023,Hyderabad,Spice Hub,Desserts,506,46,3.4,Card,Delivered
140,29-08-2023,Mumbai,Foodie Palace,Desserts,1093,53,3.4,COD,Delivered
141,15-09-2023,Bangalore,Foodie Palace,Desserts,1172,16,3.8,UPI,Cancelled
142,02-09-2023,Delhi,Tasty Bites,Veg,539,16,2.7,Card,Cancelled
143,16-01-2023,Bangalore,Foodie Palace,Veg,1460,51,4.8,Card,Cancelled
144,10-10-2023,Mumbai,Foodie Palace,Desserts,465,19,4.1,UPI,Delivered
145,26-12-2023,Chennai,Foodie Palace,Veg,916,25,4.6,Card,Delivered
146,31-05-2023,Hyderabad,Pizza Corner,Veg,988,52,3.7,UPI,Delivered
147,26-04-2023,Hyderabad,Burger Town,Fast Food,437,16,3.3,Card,Cancelled
148,03-07-2023,Mumbai,Spice Hub,Non-Veg,1467,51,4.7,Card,Delivered
149,23-05-2023,Hyderabad,Foodie Palace,Fast Food,1133,23,4.8,Card,Cancelled
150,16-11-2023,Bangalore,Foodie Palace,Desserts,140,43,4.7,COD,Delivered
151,20-03-2023,Chennai,Tasty Bites,Fast Food,541,15,3.7,COD,Delivered
152,19-11-2023,Mumbai,Tasty Bites,Non-Veg,1220,52,4.6,Card,Cancelled
153,01-12-2023,Hyderabad,Pizza Corner,Fast Food,221,45,3.8,UPI,Delivered
154,05-08-2023,Mumbai,Burger Town,Desserts,1374,52,3.1,Card,Delivered
155,11-12-2023,Hyderabad,Burger Town,Desserts,888,54,3.4,Card,Delivered
156,30-03-2023,Hyderabad,Pizza Corner,Desserts,484,30,4.5,UPI,Delivered
157,05-10-2023,Bangalore,Spice Hub,Desserts,1293,50,3.5,COD,Delivered
158,13-01-2023,Chennai,Tasty Bites,Veg,1477,56,4.6,COD,Cancelled
159,12-01-2023,Chennai,Burger Town,Desserts,288,15,3.8,COD,Delivered
160,06-05-2023,Delhi,Spice Hub,Non-Veg,327,46,3.1,COD,Cancelled
161,06-04-2023,Bangalore,Pizza Corner,Desserts,1164,51,4.2,UPI,Cancelled
162,10-11-2023,Bangalore,Spice Hub,Fast Food,1006,45,3,UPI,Delivered
163,17-03-2023,Mumbai,Foodie Palace,Non-Veg,890,32,3.7,UPI,Cancelled
164,18-03-2023,Chennai,Pizza Corner,Fast Food,539,51,3.1,COD,Cancelled
165,27-04-2023,Chennai,Pizza Corner,Desserts,445,59,4.1,UPI,Cancelled
166,10-10-2023,Mumbai,Spice Hub,Non-Veg,189,57,3.8,Card,Delivered
167,08-06-2023,Bangalore,Foodie Palace,Non-Veg,1380,43,4,UPI,Delivered
168,23-10-2023,Hyderabad,Tasty Bites,Desserts,634,59,2.8,UPI,Cancelled
169,11-01-2023,Mumbai,Foodie Palace,Veg,344,54,4.5,UPI,Delivered
170,21-12-2023,Chennai,Burger Town,Non-Veg,1423,23,4,Card,Delivered
171,19-03-2023,Hyderabad,Foodie Palace,Fast Food,1286,27,4.4,UPI,Cancelled
172,21-12-2023,Delhi,Burger Town,Non-Veg,164,51,4.3,UPI,Delivered
173,30-04-2023,Delhi,Burger Town,Non-Veg,200,49,3.7,COD,Delivered
174,05-09-2023,Hyderabad,Tasty Bites,Desserts,1251,25,4.7,COD,Cancelled
175,14-09-2023,Hyderabad,Tasty Bites,Non-Veg,829,47,2.8,UPI,Delivered
176,02-03-2023,Hyderabad,Burger Town,Veg,520,44,3.7,Card,Cancelled
177,19-04-2023,Bangalore,Pizza Corner,Non-Veg,458,40,2.8,Card,Delivered
178,03-04-2023,Delhi,Spice Hub,Non-Veg,1464,49,2.8,UPI,Cancelled
179,23-04-2023,Delhi,Tasty Bites,Veg,192,56,3.5,UPI,Delivered
180,24-04-2023,Bangalore,Pizza Corner,Fast Food,647,29,4.9,COD,Cancelled
181,30-09-2023,Chennai,Tasty Bites,Desserts,1471,15,3.8,Card,Cancelled
182,14-06-2023,Chennai,Tasty Bites,Desserts,1287,55,3.5,COD,Delivered
183,29-05-2023,Bangalore,Burger Town,Non-Veg,660,28,3.3,Card,Delivered
184,11-11-2023,Hyderabad,Spice Hub,Veg,545,50,3.3,UPI,Delivered
185,28-10-2023,Hyderabad,Spice Hub,Fast Food,344,51,4.2,Card,Delivered
186,24-12-2023,Delhi,Spice Hub,Fast Food,526,21,3.7,COD,Delivered
187,18-11-2023,Chennai,Spice Hub,Desserts,721,45,4.8,COD,Delivered
188,16-06-2023,Hyderabad,Pizza Corner,Veg,617,40,2.8,Card,Delivered
189,10-08-2023,Chennai,Foodie Palace,Desserts,1055,16,4.3,Card,Delivered
190,25-07-2023,Chennai,Tasty Bites,Non-Veg,1220,58,2.9,Card,Cancelled
191,26-04-2023,Bangalore,Foodie Palace,Veg,457,23,2.6,COD,Cancelled
192,17-08-2023,Mumbai,Foodie Palace,Veg,684,52,2.8,Card,Delivered
193,27-08-2023,Mumbai,Pizza Corner,Non-Veg,1192,49,3.1,Card,Delivered
194,31-12-2023,Bangalore,Spice Hub,Fast Food,1066,29,4.7,COD,Delivered
195,20-04-2023,Delhi,Pizza Corner,Non-Veg,724,58,3.1,Card,Cancelled
196,04-12-2023,Bangalore,Pizza Corner,Fast Food,148,51,2.7,UPI,Cancelled
197,12-10-2023,Mumbai,Foodie Palace,Non-Veg,551,49,2.6,COD,Delivered
198,13-08-2023,Delhi,Spice Hub,Fast Food,238,29,3.8,Card,Delivered
199,17-03-2023,Chennai,Foodie Palace,Fast Food,1357,43,3.4,Card,Delivered
200,01-01-2023,Bangalore,Pizza Corner,Fast Food,657,45,3,UPI,Delivered
201,12-06-2023,Chennai,Burger Town,Fast Food,248,22,2.6,COD,Delivered
202,14-08-2023,Hyderabad,Foodie Palace,Fast Food,108,35,2.7,UPI,Cancelled
203,06-11-2023,Bangalore,Burger Town,Veg,892,57,3.4,Card,Delivered
204,01-04-2023,Bangalore,Foodie Palace,Fast Food,1271,43,4.2,Card,Cancelled
205,09-01-2023,Chennai,Burger Town,Non-Veg,364,56,5,COD,Cancelled
206,23-10-2023,Chennai,Tasty Bites,Fast Food,593,21,4.2,Card,Delivered
207,18-11-2023,Mumbai,Spice Hub,Veg,1118,15,3,Card,Cancelled
208,19-10-2023,Mumbai,Pizza Corner,Veg,1429,53,3.5,Card,Delivered
209,12-09-2023,Mumbai,Burger Town,Fast Food,281,55,2.9,UPI,Cancelled
210,02-09-2023,Mumbai,Burger Town,Veg,318,41,4.1,UPI,Cancelled
211,08-12-2023,Bangalore,Burger Town,Desserts,531,59,4.5,COD,Delivered
212,22-10-2023,Chennai,Pizza Corner,Desserts,136,45,4.5,UPI,Cancelled
213,25-09-2023,Chennai,Pizza Corner,Desserts,678,21,2.7,Card,Cancelled
214,23-05-2023,Hyderabad,Burger Town,Veg,686,47,2.6,COD,Cancelled
215,28-11-2023,Chennai,Tasty Bites,Fast Food,1465,55,3.6,COD,Delivered
216,26-11-2023,Mumbai,Pizza Corner,Non-Veg,241,54,2.7,Card,Cancelled
217,18-01-2023,Chennai,Tasty Bites,Veg,154,40,3.7,UPI,Delivered
218,16-06-2023,Mumbai,Tasty Bites,Veg,381,15,3.1,COD,Cancelled
219,22-01-2023,Hyderabad,Burger Town,Non-Veg,668,45,4.6,COD,Cancelled
220,14-12-2023,Bangalore,Burger Town,Non-Veg,759,38,4.3,COD,Cancelled
221,14-04-2023,Mumbai,Pizza Corner,Veg,1365,45,3,UPI,Delivered
222,20-04-2023,Delhi,Pizza Corner,Desserts,149,19,2.9,COD,Cancelled
223,12-08-2023,Chennai,Pizza Corner,Fast Food,737,35,3.3,Card,Delivered
224,21-09-2023,Chennai,Pizza Corner,Desserts,1138,29,2.6,Card,Delivered
225,11-01-2023,Delhi,Tasty Bites,Veg,1267,16,2.5,COD,Cancelled
226,05-02-2023,Mumbai,Foodie Palace,Non-Veg,584,53,4.1,COD,Cancelled
227,30-06-2023,Chennai,Tasty Bites,Veg,925,26,4.1,COD,Delivered
228,16-05-2023,Bangalore,Tasty Bites,Fast Food,1427,35,4.4,Card,Cancelled
229,30-03-2023,Chennai,Burger Town,Fast Food,1030,41,3.7,COD,Delivered
230,23-11-2023,Mumbai,Burger Town,Non-Veg,987,60,4.1,COD,Delivered
231,08-01-2023,Delhi,Burger Town,Veg,387,41,4.6,COD,Delivered
232,30-12-2023,Chennai,Spice Hub,Fast Food,546,46,4.1,Card,Cancelled
233,14-02-2023,Delhi,Foodie Palace,Fast Food,1302,47,3.4,COD,Delivered
234,10-12-2023,Delhi,Spice Hub,Fast Food,663,19,3.6,COD,Cancelled
235,29-08-2023,Mumbai,Burger Town,Veg,1422,40,3.6,UPI,Cancelled
236,17-01-2023,Bangalore,Foodie Palace,Veg,263,30,2.8,COD,Delivered
237,23-03-2023,Delhi,Burger Town,Fast Food,1025,55,3.2,Card,Delivered
238,23-05-2023,Mumbai,Tasty Bites,Non-Veg,191,27,2.9,COD,Cancelled
239,27-05-2023,Mumbai,Pizza Corner,Non-Veg,305,41,4.6,COD,Cancelled
240,16-09-2023,Chennai,Tasty Bites,Fast Food,825,31,4.7,UPI,Delivered
241,09-08-2023,Chennai,Tasty Bites,Fast Food,1409,50,3.1,Card,Delivered
242,05-02-2023,Delhi,Tasty Bites,Non-Veg,472,39,3.5,Card,Cancelled
243,11-01-2023,Chennai,Burger Town,Desserts,147,49,4.4,COD,Delivered
244,09-08-2023,Chennai,Tasty Bites,Fast Food,637,58,2.7,UPI,Cancelled
245,19-03-2023,Bangalore,Foodie Palace,Veg,1053,52,2.6,COD,Cancelled
246,07-01-2023,Bangalore,Pizza Corner,Non-Veg,588,52,2.6,Card,Cancelled
247,22-09-2023,Hyderabad,Spice Hub,Non-Veg,997,22,4,COD,Cancelled
248,25-04-2023,Bangalore,Foodie Palace,Fast Food,245,55,2.9,COD,Cancelled
249,13-09-2023,Delhi,Tasty Bites,Veg,224,21,4.7,UPI,Delivered
250,11-11-2023,Hyderabad,Pizza Corner,Fast Food,1383,40,4.3,COD,Delivered
251,25-08-2023,Mumbai,Tasty Bites,Fast Food,1296,53,2.8,UPI,Delivered
252,25-09-2023,Bangalore,Spice Hub,Veg,760,57,3.2,COD,Cancelled
253,27-10-2023,Mumbai,Burger Town,Fast Food,740,24,3.2,UPI,Delivered
254,15-11-2023,Bangalore,Spice Hub,Desserts,338,44,2.8,Card,Delivered
255,11-09-2023,Hyderabad,Foodie Palace,Desserts,1482,20,4.1,UPI,Delivered
256,19-09-2023,Mumbai,Spice Hub,Veg,357,24,4.6,COD,Delivered
257,17-03-2023,Chennai,Spice Hub,Non-Veg,1131,26,4,Card,Cancelled
258,11-12-2023,Delhi,Pizza Corner,Desserts,488,59,2.6,UPI,Cancelled
259,20-05-2023,Hyderabad,Spice Hub,Fast Food,326,24,4.8,COD,Cancelled
260,29-01-2023,Mumbai,Tasty Bites,Non-Veg,200,22,3.5,Card,Delivered
261,11-02-2023,Delhi,Foodie Palace,Desserts,301,52,5,Card,Cancelled
262,12-02-2023,Bangalore,Foodie Palace,Desserts,1035,31,2.7,COD,Cancelled
263,31-01-2023,Delhi,Spice Hub,Desserts,377,39,2.7,COD,Delivered
264,01-07-2023,Bangalore,Pizza Corner,Desserts,1377,56,4.9,COD,Cancelled
265,26-11-2023,Bangalore,Foodie Palace,Non-Veg,566,57,3.9,UPI,Cancelled
266,03-09-2023,Chennai,Tasty Bites,Veg,1208,22,3.6,COD,Cancelled
267,12-07-2023,Hyderabad,Spice Hub,Desserts,547,30,2.6,COD,Delivered
268,16-10-2023,Bangalore,Spice Hub,Fast Food,1237,51,5,UPI,Cancelled
269,17-09-2023,Hyderabad,Burger Town,Non-Veg,1162,36,3,UPI,Delivered
270,22-12-2023,Hyderabad,Pizza Corner,Fast Food,838,15,4.1,Card,Cancelled
271,18-03-2023,Chennai,Spice Hub,Non-Veg,358,43,4,COD,Delivered
272,18-09-2023,Bangalore,Pizza Corner,Desserts,795,31,3.2,COD,Delivered
273,25-04-2023,Mumbai,Burger Town,Non-Veg,531,29,2.6,COD,Delivered
274,06-03-2023,Chennai,Foodie Palace,Fast Food,746,18,4.3,Card,Delivered
275,09-10-2023,Bangalore,Burger Town,Veg,500,21,4.4,Card,Delivered
276,08-06-2023,Delhi,Pizza Corner,Desserts,1393,21,3.7,Card,Cancelled
277,14-01-2023,Bangalore,Pizza Corner,Desserts,953,50,2.9,Card,Cancelled
278,20-12-2023,Bangalore,Pizza Corner,Non-Veg,548,34,4.3,COD,Cancelled
279,17-09-2023,Bangalore,Pizza Corner,Fast Food,672,37,3.9,UPI,Delivered
280,13-07-2023,Hyderabad,Pizza Corner,Non-Veg,346,40,3.9,UPI,Delivered
281,11-01-2023,Delhi,Pizza Corner,Non-Veg,1014,15,4.9,COD,Cancelled
282,03-10-2023,Bangalore,Tasty Bites,Non-Veg,562,41,3.2,Card,Cancelled
283,30-01-2023,Delhi,Tasty Bites,Non-Veg,496,35,2.8,Card,Delivered
284,08-06-2023,Bangalore,Tasty Bites,Fast Food,531,33,2.8,UPI,Cancelled
285,11-07-2023,Bangalore,Tasty Bites,Veg,586,33,3.4,COD,Delivered
286,21-01-2023,Hyderabad,Spice Hub,Fast Food,664,29,2.6,Card,Cancelled
287,23-10-2023,Chennai,Spice Hub,Veg,1420,15,4.2,UPI,Delivered
288,12-03-2023,Delhi,Tasty Bites,Veg,412,57,3.7,COD,Cancelled
289,30-07-2023,Chennai,Pizza Corner,Fast Food,577,47,2.8,COD,Delivered
290,21-08-2023,Chennai,Spice Hub,Fast Food,373,25,3,COD,Cancelled
291,03-04-2023,Mumbai,Burger Town,Non-Veg,1448,27,3.9,UPI,Cancelled
292,05-06-2023,Chennai,Foodie Palace,Veg,1108,45,3.1,COD,Cancelled
293,12-02-2023,Mumbai,Foodie Palace,Non-Veg,908,15,5,COD,Cancelled
294,12-04-2023,Bangalore,Spice Hub,Non-Veg,408,60,4.9,COD,Delivered
295,03-10-2023,Bangalore,Spice Hub,Fast Food,1353,57,3,UPI,Delivered
296,27-01-2023,Delhi,Pizza Corner,Veg,750,43,3.6,COD,Delivered
297,10-02-2023,Delhi,Spice Hub,Fast Food,620,40,3.4,UPI,Delivered
298,03-06-2023,Mumbai,Burger Town,Veg,153,48,3.1,Card,Cancelled
299,01-04-2023,Mumbai,Pizza Corner,Non-Veg,1373,45,4.3,Card,Cancelled
300,16-08-2023,Delhi,Pizza Corner,Fast Food,596,38,4.3,COD,Delivered
301,20-03-2023,Bangalore,Pizza Corner,Desserts,582,60,3.5,Card,Cancelled
302,27-01-2023,Delhi,Spice Hub,Veg,300,39,3.5,COD,Cancelled
303,01-11-2023,Delhi,Burger Town,Desserts,840,56,2.9,COD,Cancelled
304,05-03-2023,Delhi,Spice Hub,Fast Food,223,26,4.9,Card,Delivered
305,08-05-2023,Chennai,Burger Town,Fast Food,799,25,4,COD,Cancelled
306,30-12-2023,Chennai,Spice Hub,Desserts,454,22,3,UPI,Cancelled
307,09-07-2023,Mumbai,Burger Town,Desserts,289,45,2.5,UPI,Delivered
308,20-05-2023,Delhi,Tasty Bites,Fast Food,985,32,2.8,UPI,Cancelled
309,20-03-2023,Bangalore,Pizza Corner,Desserts,562,31,4.9,UPI,Cancelled
310,19-06-2023,Bangalore,Tasty Bites,Desserts,944,17,5,COD,Cancelled
311,29-01-2023,Hyderabad,Spice Hub,Fast Food,940,33,3.4,UPI,Cancelled
312,09-03-2023,Hyderabad,Foodie Palace,Fast Food,573,36,4.9,COD,Delivered
313,06-10-2023,Hyderabad,Burger Town,Fast Food,564,41,2.9,COD,Cancelled
314,29-12-2023,Bangalore,Spice Hub,Veg,1325,43,2.7,COD,Delivered
315,06-09-2023,Chennai,Burger Town,Fast Food,487,37,3.8,UPI,Cancelled
316,11-08-2023,Hyderabad,Foodie Palace,Desserts,551,38,4.3,COD,Cancelled
317,29-05-2023,Hyderabad,Tasty Bites,Fast Food,994,39,3,Card,Delivered
318,26-03-2023,Hyderabad,Burger Town,Non-Veg,955,45,3.8,Card,Delivered
319,10-02-2023,Chennai,Tasty Bites,Non-Veg,1303,57,4.4,UPI,Cancelled
320,06-02-2023,Delhi,Burger Town,Desserts,1448,26,4.6,Card,Cancelled
321,27-10-2023,Bangalore,Pizza Corner,Desserts,512,60,4,COD,Delivered
322,12-06-2023,Chennai,Spice Hub,Desserts,659,22,2.5,Card,Delivered
323,07-06-2023,Delhi,Pizza Corner,Veg,818,40,2.8,COD,Delivered
324,09-05-2023,Hyderabad,Burger Town,Non-Veg,1450,50,4.7,UPI,Cancelled
325,18-10-2023,Bangalore,Pizza Corner,Non-Veg,886,52,3.9,UPI,Cancelled
326,15-06-2023,Hyderabad,Burger Town,Veg,1298,52,4.4,Card,Cancelled
327,09-10-2023,Mumbai,Burger Town,Fast Food,788,17,3.7,Card,Cancelled
328,05-06-2023,Delhi,Pizza Corner,Fast Food,892,43,2.6,Card,Delivered
329,31-08-2023,Bangalore,Pizza Corner,Desserts,797,58,3.7,UPI,Delivered
330,13-09-2023,Delhi,Pizza Corner,Veg,574,49,4.5,UPI,Delivered
331,07-10-2023,Delhi,Pizza Corner,Veg,951,33,3.1,Card,Delivered
332,23-04-2023,Delhi,Tasty Bites,Non-Veg,1393,27,4.6,COD,Delivered
333,04-04-2023,Chennai,Tasty Bites,Non-Veg,224,23,4.7,Card,Cancelled
334,13-01-2023,Hyderabad,Tasty Bites,Non-Veg,489,26,3.4,UPI,Delivered
335,08-03-2023,Mumbai,Spice Hub,Desserts,676,19,4.1,COD,Cancelled
336,10-12-2023,Chennai,Burger Town,Desserts,502,39,2.7,Card,Delivered
337,11-04-2023,Hyderabad,Foodie Palace,Desserts,808,40,4.7,Card,Cancelled
338,31-05-2023,Delhi,Tasty Bites,Fast Food,1315,19,3.6,UPI,Cancelled
339,30-11-2023,Mumbai,Spice Hub,Non-Veg,1349,16,4.7,COD,Cancelled
340,19-05-2023,Mumbai,Tasty Bites,Desserts,690,55,4,UPI,Delivered
341,11-06-2023,Chennai,Pizza Corner,Veg,1472,47,3.9,Card,Cancelled
342,05-07-2023,Bangalore,Spice Hub,Non-Veg,1206,44,4.6,Card,Cancelled
343,23-10-2023,Delhi,Pizza Corner,Fast Food,1263,55,4.8,UPI,Delivered
344,03-04-2023,Chennai,Foodie Palace,Desserts,188,46,3.1,COD,Delivered
345,12-08-2023,Bangalore,Pizza Corner,Desserts,1278,23,4.3,Card,Delivered
346,24-06-2023,Delhi,Pizza Corner,Fast Food,806,16,3.3,COD,Cancelled
347,09-04-2023,Hyderabad,Foodie Palace,Fast Food,650,27,3.1,Card,Delivered
348,09-06-2023,Chennai,Pizza Corner,Non-Veg,1163,24,3.2,Card,Delivered
349,23-09-2023,Bangalore,Spice Hub,Veg,1383,21,4.7,COD,Delivered
350,14-04-2023,Hyderabad,Tasty Bites,Non-Veg,956,32,4.2,COD,Cancelled
351,26-06-2023,Delhi,Burger Town,Non-Veg,312,36,4.5,COD,Delivered
352,21-05-2023,Bangalore,Spice Hub,Veg,897,19,4,COD,Delivered
353,06-01-2023,Delhi,Pizza Corner,Desserts,1488,32,4.5,UPI,Cancelled
354,01-09-2023,Chennai,Tasty Bites,Veg,619,51,4.7,COD,Cancelled
355,08-11-2023,Mumbai,Foodie Palace,Fast Food,945,50,3.5,COD,Delivered
356,23-05-2023,Hyderabad,Foodie Palace,Non-Veg,901,19,3.2,UPI,Delivered
357,30-08-2023,Bangalore,Tasty Bites,Veg,876,53,3.3,COD,Delivered
358,01-07-2023,Delhi,Pizza Corner,Desserts,132,49,3.3,UPI,Delivered
359,13-01-2023,Bangalore,Foodie Palace,Veg,296,35,4.7,COD,Cancelled
360,11-03-2023,Hyderabad,Burger Town,Veg,161,36,4.8,UPI,Cancelled
361,05-04-2023,Mumbai,Tasty Bites,Fast Food,767,33,4.7,Card,Delivered
362,19-05-2023,Delhi,Foodie Palace,Veg,937,21,4.5,Card,Cancelled
363,06-02-2023,Chennai,Burger Town,Fast Food,902,43,3.7,COD,Cancelled
364,24-09-2023,Delhi,Burger Town,Veg,447,23,2.7,COD,Delivered
365,27-04-2023,Mumbai,Burger Town,Desserts,1043,30,4,UPI,Cancelled
366,06-06-2023,Bangalore,Burger Town,Veg,1031,30,4.2,COD,Delivered
367,03-09-2023,Chennai,Pizza Corner,Veg,1373,53,3.6,UPI,Cancelled
368,23-03-2023,Chennai,Pizza Corner,Fast Food,1384,34,3,COD,Cancelled
369,20-06-2023,Hyderabad,Spice Hub,Desserts,855,53,2.6,COD,Cancelled
370,30-11-2023,Chennai,Spice Hub,Desserts,445,58,4.8,UPI,Delivered
371,04-03-2023,Hyderabad,Burger Town,Veg,601,23,4.7,COD,Cancelled
372,06-08-2023,Delhi,Burger Town,Fast Food,427,16,4.2,COD,Delivered
373,29-03-2023,Delhi,Spice Hub,Fast Food,1189,44,4.1,Card,Cancelled
374,12-04-2023,Hyderabad,Pizza Corner,Non-Veg,378,37,3,COD,Cancelled
375,25-03-2023,Chennai,Tasty Bites,Veg,937,51,3.5,COD,Delivered
376,08-09-2023,Mumbai,Spice Hub,Veg,668,32,4.5,COD,Cancelled
377,31-01-2023,Delhi,Pizza Corner,Fast Food,1321,18,2.8,COD,Cancelled
378,24-10-2023,Hyderabad,Tasty Bites,Non-Veg,1473,38,4.9,Card,Cancelled
379,25-02-2023,Chennai,Pizza Corner,Desserts,1453,25,4.7,COD,Delivered
380,01-11-2023,Delhi,Tasty Bites,Non-Veg,1156,47,3,Card,Cancelled
381,24-07-2023,Delhi,Burger Town,Non-Veg,406,60,3.1,Card,Delivered
382,23-10-2023,Bangalore,Burger Town,Fast Food,643,34,3.6,UPI,Cancelled
383,30-12-2023,Delhi,Tasty Bites,Desserts,407,16,2.6,UPI,Delivered
384,06-01-2023,Bangalore,Tasty Bites,Fast Food,744,32,2.7,UPI,Delivered
385,12-12-2023,Mumbai,Foodie Palace,Non-Veg,1094,29,3.2,COD,Cancelled
386,29-09-2023,Hyderabad,Foodie Palace,Non-Veg,129,29,3.9,COD,Delivered
387,12-12-2023,Delhi,Burger Town,Veg,469,26,2.6,Card,Delivered
388,11-08-2023,Hyderabad,Burger Town,Non-Veg,1011,28,3.2,Card,Cancelled
389,05-06-2023,Mumbai,Pizza Corner,Fast Food,1020,24,4.6,Card,Cancelled
390,20-07-2023,Bangalore,Tasty Bites,Desserts,220,36,4.6,UPI,Cancelled
391,18-09-2023,Chennai,Burger Town,Non-Veg,527,47,3.2,COD,Delivered
392,27-04-2023,Mumbai,Spice Hub,Desserts,449,29,3.3,Card,Delivered
393,12-05-2023,Chennai,Foodie Palace,Veg,598,42,3.6,COD,Delivered
394,17-07-2023,Hyderabad,Burger Town,Veg,252,55,2.6,Card,Cancelled
395,11-10-2023,Delhi,Burger Town,Fast Food,755,49,2.7,COD,Cancelled
396,26-11-2023,Hyderabad,Tasty Bites,Veg,805,46,4.4,UPI,Delivered
397,10-08-2023,Chennai,Tasty Bites,Veg,1096,16,3.8,COD,Cancelled
398,02-12-2023,Mumbai,Tasty Bites,Desserts,1007,53,4.7,Card,Cancelled
399,05-07-2023,Hyderabad,Pizza Corner,Desserts,775,32,4.8,COD,Delivered
400,25-09-2023,Chennai,Tasty Bites,Desserts,128,20,3.7,Card,Delivered
401,25-09-2023,Hyderabad,Spice Hub,Desserts,1197,57,4.4,Card,Cancelled
402,06-05-2023,Mumbai,Pizza Corner,Veg,584,33,3.6,COD,Delivered
403,19-01-2023,Bangalore,Foodie Palace,Fast Food,650,60,3.2,UPI,Cancelled
404,27-06-2023,Bangalore,Spice Hub,Fast Food,279,16,2.6,UPI,Cancelled
405,30-07-2023,Bangalore,Tasty Bites,Desserts,340,20,3.9,COD,Cancelled
406,01-08-2023,Bangalore,Burger Town,Veg,1378,55,4.5,Card,Cancelled
407,29-03-2023,Bangalore,Foodie Palace,Veg,480,32,3.9,Card,Delivered
408,21-07-2023,Chennai,Spice Hub,Desserts,279,55,4.8,UPI,Cancelled
409,26-10-2023,Bangalore,Tasty Bites,Desserts,559,44,4.7,COD,Cancelled
410,22-07-2023,Chennai,Foodie Palace,Non-Veg,1021,20,4.5,UPI,Delivered
411,15-08-2023,Chennai,Burger Town,Veg,822,22,3.7,UPI,Cancelled
412,05-06-2023,Bangalore,Spice Hub,Fast Food,176,15,3.7,UPI,Delivered
413,07-09-2023,Hyderabad,Foodie Palace,Desserts,1355,45,4.5,Card,Cancelled
414,16-03-2023,Delhi,Foodie Palace,Fast Food,192,19,4.2,Card,Cancelled
415,19-06-2023,Chennai,Burger Town,Veg,670,45,4.7,UPI,Delivered
416,01-01-2024,Hyderabad,Spice Hub,Veg,268,57,4.6,COD,Cancelled
417,14-02-2023,Bangalore,Foodie Palace,Desserts,444,33,3.7,Card,Cancelled
418,24-05-2023,Hyderabad,Burger Town,Veg,1377,29,2.6,Card,Cancelled
419,25-02-2023,Bangalore,Foodie Palace,Desserts,231,53,2.7,Card,Cancelled
420,08-11-2023,Chennai,Spice Hub,Fast Food,734,19,2.7,COD,Delivered
421,25-03-2023,Chennai,Spice Hub,Desserts,335,28,2.7,UPI,Cancelled
422,18-03-2023,Hyderabad,Burger Town,Fast Food,850,34,4.6,Card,Cancelled
423,13-07-2023,Delhi,Tasty Bites,Fast Food,724,15,3.7,COD,Cancelled
424,21-05-2023,Chennai,Tasty Bites,Fast Food,720,41,4.8,COD,Cancelled
425,08-05-2023,Mumbai,Spice Hub,Veg,543,39,3.2,Card,Delivered
426,13-09-2023,Bangalore,Spice Hub,Non-Veg,214,17,3.3,Card,Cancelled
427,16-07-2023,Bangalore,Pizza Corner,Desserts,1440,54,4.7,UPI,Delivered
428,22-01-2023,Mumbai,Spice Hub,Non-Veg,1462,60,4.2,COD,Cancelled
429,01-02-2023,Bangalore,Tasty Bites,Desserts,829,59,2.8,COD,Cancelled
430,13-02-2023,Bangalore,Spice Hub,Non-Veg,328,32,3.2,UPI,Cancelled
431,17-07-2023,Chennai,Foodie Palace,Veg,255,45,3.1,UPI,Delivered
432,06-03-2023,Delhi,Foodie Palace,Non-Veg,118,55,3.9,Card,Delivered
433,21-08-2023,Bangalore,Spice Hub,Veg,218,48,3.7,Card,Cancelled
434,13-05-2023,Delhi,Foodie Palace,Veg,906,26,4.2,COD,Delivered
435,20-05-2023,Chennai,Pizza Corner,Veg,1399,15,3.7,UPI,Cancelled
436,25-08-2023,Delhi,Tasty Bites,Non-Veg,512,33,3.2,COD,Delivered
437,24-06-2023,Bangalore,Pizza Corner,Fast Food,1188,22,3.1,COD,Cancelled
438,13-01-2023,Hyderabad,Tasty Bites,Veg,266,57,4.4,COD,Delivered
439,27-03-2023,Hyderabad,Foodie Palace,Desserts,990,38,4.5,UPI,Delivered
440,23-07-2023,Mumbai,Spice Hub,Desserts,1166,18,2.6,UPI,Cancelled
441,17-09-2023,Chennai,Tasty Bites,Veg,418,24,3.7,Card,Cancelled
442,20-03-2023,Delhi,Burger Town,Veg,180,43,3.4,COD,Delivered
443,06-02-2023,Delhi,Pizza Corner,Fast Food,815,52,4.8,Card,Delivered
444,09-03-2023,Chennai,Pizza Corner,Fast Food,1421,59,4.6,UPI,Delivered
445,25-04-2023,Hyderabad,Foodie Palace,Veg,467,47,3.1,Card,Cancelled
446,06-11-2023,Bangalore,Spice Hub,Non-Veg,962,28,3.3,UPI,Cancelled
447,02-06-2023,Delhi,Spice Hub,Desserts,1279,47,4.6,UPI,Delivered
448,13-12-2023,Chennai,Burger Town,Non-Veg,1124,46,4,COD,Delivered
449,11-01-2023,Delhi,Burger Town,Fast Food,696,43,2.6,UPI,Cancelled
450,26-12-2023,Delhi,Foodie Palace,Non-Veg,551,17,4.9,COD,Delivered
451,28-07-2023,Hyderabad,Foodie Palace,Veg,1475,15,4.5,COD,Delivered
452,18-04-2023,Mumbai,Foodie Palace,Non-Veg,907,58,4.6,COD,Delivered
453,14-03-2023,Hyderabad,Burger Town,Non-Veg,297,49,4.1,UPI,Delivered
454,11-04-2023,Mumbai,Spice Hub,Fast Food,1087,23,3,COD,Cancelled
455,16-12-2023,Mumbai,Spice Hub,Desserts,1139,47,3,UPI,Delivered
456,25-12-2023,Mumbai,Tasty Bites,Non-Veg,1404,24,2.8,Card,Cancelled
457,21-09-2023,Hyderabad,Tasty Bites,Desserts,727,37,2.9,UPI,Delivered
458,20-02-2023,Delhi,Spice Hub,Desserts,175,59,4,UPI,Cancelled
459,15-03-2023,Bangalore,Tasty Bites,Fast Food,832,25,4.5,UPI,Cancelled
460,05-07-2023,Delhi,Foodie Palace,Non-Veg,1496,33,4.9,UPI,Cancelled
461,20-07-2023,Mumbai,Spice Hub,Veg,1311,50,2.9,COD,Cancelled
462,03-08-2023,Hyderabad,Foodie Palace,Desserts,838,52,4.7,Card,Cancelled
463,11-03-2023,Hyderabad,Burger Town,Non-Veg,614,44,3.5,UPI,Delivered
464,03-10-2023,Hyderabad,Pizza Corner,Non-Veg,1172,46,3,COD,Cancelled
465,01-09-2023,Mumbai,Tasty Bites,Desserts,732,20,4.8,UPI,Delivered
466,01-09-2023,Delhi,Spice Hub,Desserts,335,50,4.4,UPI,Delivered
467,21-08-2023,Chennai,Foodie Palace,Desserts,674,48,4.6,COD,Delivered
468,29-05-2023,Delhi,Tasty Bites,Desserts,913,30,3.9,Card,Delivered
469,08-11-2023,Mumbai,Pizza Corner,Fast Food,621,53,4.7,UPI,Delivered
470,16-10-2023,Hyderabad,Burger Town,Fast Food,1007,55,2.9,Card,Cancelled
471,02-01-2023,Chennai,Spice Hub,Desserts,320,31,2.7,Card,Cancelled
472,05-02-2023,Hyderabad,Burger Town,Desserts,1040,57,2.9,Card,Cancelled
473,07-03-2023,Bangalore,Spice Hub,Veg,719,22,3.3,COD,Delivered
474,30-05-2023,Mumbai,Tasty Bites,Fast Food,1463,46,2.8,UPI,Cancelled
475,21-11-2023,Delhi,Foodie Palace,Non-Veg,375,25,3.9,COD,Delivered
476,04-03-2023,Chennai,Foodie Palace,Non-Veg,936,33,4,COD,Delivered
477,11-10-2023,Delhi,Burger Town,Desserts,1431,51,4,COD,Delivered
478,19-06-2023,Mumbai,Spice Hub,Veg,1183,16,3.7,Card,Delivered
479,17-08-2023,Chennai,Burger Town,Fast Food,932,36,4.3,UPI,Cancelled
480,05-12-2023,Hyderabad,Spice Hub,Fast Food,1167,59,3.5,UPI,Cancelled
481,11-07-2023,Hyderabad,Spice Hub,Non-Veg,1149,41,3.7,UPI,Cancelled
482,01-11-2023,Mumbai,Foodie Palace,Non-Veg,1267,57,3.9,COD,Delivered
483,02-12-2023,Delhi,Spice Hub,Desserts,467,53,2.7,UPI,Cancelled
484,24-09-2023,Mumbai,Pizza Corner,Desserts,514,24,2.6,COD,Delivered
485,20-02-2023,Bangalore,Tasty Bites,Desserts,417,54,4.7,Card,Delivered
486,25-05-2023,Mumbai,Pizza Corner,Veg,698,42,2.6,COD,Cancelled
487,07-04-2023,Chennai,Pizza Corner,Fast Food,989,20,4.5,UPI,Cancelled
488,19-01-2023,Bangalore,Spice Hub,Non-Veg,1104,29,2.7,COD,Cancelled
489,17-12-2023,Chennai,Spice Hub,Fast Food,1178,45,3.6,Card,Delivered
490,01-04-2023,Hyderabad,Foodie Palace,Non-Veg,1036,17,3,COD,Cancelled
491,13-10-2023,Hyderabad,Spice Hub,Veg,1294,25,3.9,COD,Delivered
492,21-08-2023,Mumbai,Foodie Palace,Fast Food,442,36,3.9,UPI,Delivered
493,03-08-2023,Bangalore,Tasty Bites,Non-Veg,431,20,3,COD,Delivered
494,06-05-2023,Delhi,Pizza Corner,Desserts,152,35,4.8,UPI,Delivered
495,06-09-2023,Chennai,Burger Town,Non-Veg,1271,52,4.6,UPI,Delivered
496,20-05-2023,Bangalore,Pizza Corner,Desserts,989,15,4.9,COD,Delivered
497,18-02-2023,Chennai,Spice Hub,Non-Veg,998,53,2.8,UPI,Delivered
498,12-03-2023,Mumbai,Pizza Corner,Desserts,1057,26,3.8,COD,Cancelled
499,29-04-2023,Hyderabad,Spice Hub,Non-Veg,265,30,4.9,Card,Delivered
500,27-09-2023,Delhi,Spice Hub,Fast Food,840,15,4.8,UPI,Cancelled
501,08-06-2023,Hyderabad,Spice Hub,Desserts,484,52,3.4,COD,Cancelled
502,21-11-2023,Bangalore,Burger Town,Fast Food,865,36,4.6,UPI,Delivered
503,12-04-2023,Chennai,Foodie Palace,Fast Food,1334,33,3,UPI,Delivered
504,17-11-2023,Hyderabad,Burger Town,Non-Veg,1116,38,3.3,UPI,Cancelled
505,31-08-2023,Delhi,Spice Hub,Non-Veg,760,23,4.6,COD,Delivered
506,03-11-2023,Chennai,Burger Town,Veg,1465,25,4,UPI,Cancelled
507,14-11-2023,Bangalore,Burger Town,Fast Food,753,40,4.6,UPI,Delivered
508,28-05-2023,Chennai,Tasty Bites,Non-Veg,449,57,4.7,UPI,Delivered
509,12-01-2023,Delhi,Tasty Bites,Desserts,1182,28,3.8,Card,Delivered
510,24-03-2023,Delhi,Burger Town,Desserts,1325,55,2.9,COD,Cancelled
511,25-12-2023,Hyderabad,Burger Town,Fast Food,431,24,2.8,UPI,Delivered
512,15-11-2023,Mumbai,Burger Town,Veg,466,45,4.2,COD,Delivered
513,18-05-2023,Mumbai,Pizza Corner,Fast Food,480,33,3.7,UPI,Delivered
514,25-04-2023,Delhi,Spice Hub,Veg,298,46,4.3,Card,Delivered
515,18-10-2023,Chennai,Foodie Palace,Veg,375,28,4.1,Card,Cancelled
516,06-02-2023,Hyderabad,Tasty Bites,Desserts,715,26,4.9,Card,Delivered
517,09-05-2023,Chennai,Tasty Bites,Fast Food,513,46,3.3,Card,Delivered
518,04-10-2023,Bangalore,Burger Town,Desserts,1236,45,4,Card,Delivered
519,31-10-2023,Mumbai,Foodie Palace,Desserts,550,26,3.3,UPI,Delivered
520,20-09-2023,Bangalore,Pizza Corner,Non-Veg,193,17,3.1,COD,Delivered
521,21-08-2023,Delhi,Tasty Bites,Veg,753,22,4.8,Card,Cancelled
522,25-07-2023,Hyderabad,Tasty Bites,Veg,1272,41,3,COD,Delivered
523,14-02-2023,Bangalore,Spice Hub,Non-Veg,1394,23,3.4,COD,Delivered
524,14-07-2023,Delhi,Tasty Bites,Non-Veg,887,34,4.6,Card,Cancelled
525,17-01-2023,Delhi,Spice Hub,Fast Food,607,25,4,COD,Delivered
526,23-07-2023,Delhi,Pizza Corner,Veg,1464,27,3.3,Card,Cancelled
527,30-05-2023,Hyderabad,Pizza Corner,Non-Veg,107,29,2.6,UPI,Delivered
528,22-07-2023,Hyderabad,Tasty Bites,Non-Veg,1367,46,3.4,Card,Cancelled
529,12-10-2023,Mumbai,Pizza Corner,Fast Food,905,18,4,UPI,Cancelled
530,21-10-2023,Mumbai,Pizza Corner,Non-Veg,1137,32,3.5,COD,Cancelled
531,08-10-2023,Hyderabad,Spice Hub,Desserts,139,33,4.9,Card,Cancelled
532,20-09-2023,Hyderabad,Foodie Palace,Non-Veg,151,26,2.8,UPI,Cancelled
533,13-04-2023,Delhi,Spice Hub,Fast Food,631,19,3.9,UPI,Delivered
534,01-11-2023,Chennai,Tasty Bites,Desserts,1304,55,4.4,UPI,Cancelled
535,21-08-2023,Delhi,Tasty Bites,Non-Veg,706,16,4.6,COD,Delivered
536,26-03-2023,Hyderabad,Spice Hub,Fast Food,1124,26,4.7,UPI,Cancelled
537,08-12-2023,Chennai,Pizza Corner,Desserts,962,36,2.6,UPI,Cancelled
538,02-10-2023,Mumbai,Burger Town,Veg,546,40,4.4,Card,Cancelled
539,11-09-2023,Mumbai,Tasty Bites,Veg,601,52,4.6,Card,Delivered
540,11-07-2023,Bangalore,Burger Town,Fast Food,286,50,4.2,Card,Delivered
541,08-07-2023,Delhi,Spice Hub,Fast Food,666,52,3.4,COD,Delivered
542,04-11-2023,Mumbai,Burger Town,Non-Veg,252,35,2.8,COD,Delivered
543,15-10-2023,Mumbai,Burger Town,Non-Veg,923,22,2.9,UPI,Cancelled
544,19-06-2023,Chennai,Pizza Corner,Veg,1375,38,3.9,Card,Delivered
545,18-01-2023,Hyderabad,Pizza Corner,Fast Food,328,55,4.2,COD,Cancelled
546,14-09-2023,Chennai,Spice Hub,Desserts,1471,15,4.9,Card,Delivered
547,28-08-2023,Chennai,Foodie Palace,Fast Food,420,33,2.5,COD,Cancelled
548,22-06-2023,Mumbai,Burger Town,Fast Food,287,23,4,COD,Cancelled
549,12-01-2023,Bangalore,Spice Hub,Veg,168,45,2.9,COD,Cancelled
550,24-07-2023,Delhi,Burger Town,Veg,898,33,3.4,COD,Cancelled
551,23-05-2023,Bangalore,Foodie Palace,Non-Veg,430,51,3.4,Card,Cancelled
552,22-03-2023,Bangalore,Tasty Bites,Desserts,1424,34,3.3,UPI,Cancelled
553,19-11-2023,Mumbai,Tasty Bites,Fast Food,160,33,3.2,Card,Delivered
554,03-01-2023,Hyderabad,Burger Town,Veg,1442,15,4.2,COD,Cancelled
555,27-01-2023,Hyderabad,Foodie Palace,Fast Food,322,15,2.6,COD,Cancelled
556,18-06-2023,Hyderabad,Pizza Corner,Fast Food,284,36,2.9,COD,Cancelled
557,19-11-2023,Delhi,Spice Hub,Desserts,814,16,2.8,COD,Cancelled
558,21-05-2023,Bangalore,Pizza Corner,Non-Veg,201,20,4.1,COD,Delivered
559,23-04-2023,Bangalore,Foodie Palace,Fast Food,1054,51,4.9,Card,Cancelled
560,12-06-2023,Delhi,Burger Town,Desserts,1133,17,4.1,Card,Delivered
561,03-01-2023,Bangalore,Pizza Corner,Non-Veg,943,26,3,Card,Delivered
562,26-11-2023,Delhi,Burger Town,Veg,1467,39,4,Card,Delivered
563,14-07-2023,Chennai,Tasty Bites,Non-Veg,1227,53,4.7,UPI,Cancelled
564,25-03-2023,Hyderabad,Foodie Palace,Fast Food,177,50,3.1,UPI,Delivered
565,25-11-2023,Mumbai,Pizza Corner,Veg,971,29,3.1,UPI,Delivered
566,05-01-2023,Chennai,Tasty Bites,Non-Veg,1494,20,3.2,UPI,Cancelled
567,26-06-2023,Delhi,Burger Town,Non-Veg,1068,17,3,COD,Cancelled
568,23-10-2023,Hyderabad,Burger Town,Veg,1431,57,4,COD,Delivered
569,18-09-2023,Bangalore,Spice Hub,Fast Food,937,32,2.5,UPI,Delivered
570,31-05-2023,Hyderabad,Foodie Palace,Non-Veg,1228,50,2.5,UPI,Cancelled
571,03-11-2023,Delhi,Tasty Bites,Desserts,1043,55,3.3,UPI,Delivered
572,23-12-2023,Mumbai,Tasty Bites,Fast Food,134,15,3.7,COD,Delivered
573,30-12-2023,Chennai,Tasty Bites,Desserts,431,30,5,COD,Delivered
574,18-10-2023,Hyderabad,Burger Town,Non-Veg,807,51,4.4,Card,Delivered
575,23-02-2023,Hyderabad,Spice Hub,Desserts,1320,15,3.7,Card,Delivered
576,02-02-2023,Bangalore,Pizza Corner,Veg,599,50,3.7,UPI,Cancelled
577,04-03-2023,Hyderabad,Pizza Corner,Fast Food,1472,59,3,Card,Cancelled
578,21-07-2023,Chennai,Burger Town,Fast Food,1343,42,3.3,UPI,Delivered
579,08-10-2023,Mumbai,Burger Town,Desserts,626,22,2.6,UPI,Cancelled
580,07-03-2023,Delhi,Foodie Palace,Non-Veg,896,50,2.9,COD,Delivered
581,01-03-2023,Hyderabad,Pizza Corner,Desserts,528,49,3.8,UPI,Delivered
582,31-10-2023,Mumbai,Foodie Palace,Fast Food,596,27,4.9,Card,Delivered
583,06-04-2023,Hyderabad,Burger Town,Desserts,1406,40,4.9,Card,Cancelled
584,13-04-2023,Bangalore,Burger Town,Veg,103,49,3.8,COD,Delivered
585,25-03-2023,Delhi,Tasty Bites,Fast Food,679,23,4.2,COD,Cancelled
586,15-03-2023,Mumbai,Pizza Corner,Desserts,389,39,4.1,COD,Cancelled
587,29-12-2023,Hyderabad,Foodie Palace,Non-Veg,162,51,3.1,Card,Delivered
588,01-12-2023,Chennai,Burger Town,Fast Food,541,21,4.9,Card,Cancelled
589,27-04-2023,Chennai,Foodie Palace,Veg,458,37,3,COD,Cancelled
590,31-12-2023,Delhi,Pizza Corner,Veg,937,22,3.2,UPI,Cancelled
591,11-07-2023,Hyderabad,Pizza Corner,Desserts,428,17,4.2,COD,Delivered
592,16-02-2023,Hyderabad,Spice Hub,Fast Food,861,52,4.5,Card,Cancelled
593,14-10-2023,Chennai,Pizza Corner,Fast Food,996,48,4.2,Card,Delivered
594,16-04-2023,Hyderabad,Spice Hub,Desserts,1226,35,4.5,Card,Cancelled
595,05-12-2023,Delhi,Burger Town,Veg,209,49,3.9,Card,Cancelled
596,30-11-2023,Hyderabad,Pizza Corner,Fast Food,1218,42,3.3,Card,Cancelled
597,21-05-2023,Bangalore,Pizza Corner,Desserts,572,19,3.9,COD,Delivered
598,27-08-2023,Hyderabad,Burger Town,Non-Veg,675,41,3.1,Card,Cancelled
599,18-06-2023,Bangalore,Pizza Corner,Fast Food,926,50,4.1,Card,Cancelled
600,03-04-2023,Mumbai,Pizza Corner,Veg,691,17,3.4,UPI,Delivered
601,05-03-2023,Bangalore,Pizza Corner,Desserts,1462,23,3.4,COD,Cancelled
602,15-10-2023,Chennai,Pizza Corner,Fast Food,896,50,3.3,COD,Delivered
603,19-05-2023,Chennai,Foodie Palace,Veg,874,24,2.9,Card,Delivered
604,13-09-2023,Chennai,Tasty Bites,Fast Food,1305,40,4,UPI,Cancelled
605,21-09-2023,Hyderabad,Burger Town,Desserts,777,41,4.6,UPI,Cancelled
606,14-03-2023,Hyderabad,Foodie Palace,Fast Food,1172,42,3.9,Card,Delivered
607,16-06-2023,Bangalore,Pizza Corner,Fast Food,1363,21,3.7,UPI,Cancelled
608,26-08-2023,Chennai,Pizza Corner,Desserts,1462,50,3.2,COD,Cancelled
609,01-07-2023,Bangalore,Burger Town,Veg,935,32,4.8,Card,Cancelled
610,17-11-2023,Chennai,Burger Town,Fast Food,227,57,3.7,UPI,Delivered
611,19-02-2023,Chennai,Burger Town,Veg,1161,56,4.2,COD,Delivered
612,23-04-2023,Bangalore,Spice Hub,Fast Food,798,38,4.8,UPI,Cancelled
613,28-03-2023,Chennai,Foodie Palace,Non-Veg,228,25,3.7,Card,Cancelled
614,05-02-2023,Chennai,Foodie Palace,Fast Food,496,48,4.5,COD,Delivered
615,08-08-2023,Mumbai,Tasty Bites,Veg,645,46,4.1,COD,Delivered
616,12-08-2023,Hyderabad,Foodie Palace,Non-Veg,549,19,3.1,Card,Cancelled
617,08-07-2023,Delhi,Burger Town,Desserts,916,39,2.5,Card,Delivered
618,17-10-2023,Delhi,Spice Hub,Non-Veg,1305,56,4.3,Card,Cancelled
619,18-09-2023,Hyderabad,Tasty Bites,Non-Veg,1471,38,4.7,UPI,Delivered
620,16-02-2023,Hyderabad,Spice Hub,Veg,776,53,4.4,UPI,Cancelled
621,02-12-2023,Hyderabad,Spice Hub,Fast Food,990,48,3.7,COD,Cancelled
622,17-11-2023,Bangalore,Burger Town,Veg,850,34,4.6,UPI,Cancelled
623,24-02-2023,Hyderabad,Tasty Bites,Desserts,421,46,3.6,Card,Cancelled
624,13-05-2023,Hyderabad,Burger Town,Veg,1212,39,4.7,Card,Cancelled
625,02-09-2023,Hyderabad,Foodie Palace,Desserts,329,49,3.5,COD,Delivered
626,30-11-2023,Delhi,Tasty Bites,Non-Veg,1133,23,4.7,UPI,Delivered
627,06-08-2023,Delhi,Tasty Bites,Non-Veg,244,27,4.4,COD,Cancelled
628,07-06-2023,Mumbai,Tasty Bites,Veg,1188,26,4,COD,Delivered
629,22-08-2023,Hyderabad,Burger Town,Fast Food,938,49,4.6,UPI,Delivered
630,07-11-2023,Chennai,Burger Town,Non-Veg,495,19,2.5,Card,Cancelled
631,28-08-2023,Mumbai,Pizza Corner,Non-Veg,126,44,4.8,UPI,Cancelled
632,09-03-2023,Bangalore,Spice Hub,Desserts,1152,51,4.9,COD,Cancelled
633,06-04-2023,Hyderabad,Burger Town,Non-Veg,163,51,3.5,UPI,Cancelled
634,12-06-2023,Mumbai,Foodie Palace,Fast Food,790,28,2.7,UPI,Delivered
635,07-03-2023,Mumbai,Spice Hub,Veg,601,39,4.9,COD,Delivered
636,03-09-2023,Mumbai,Burger Town,Desserts,880,57,2.7,COD,Cancelled
637,12-03-2023,Chennai,Foodie Palace,Fast Food,699,22,4.5,Card,Delivered
638,27-01-2023,Bangalore,Spice Hub,Desserts,822,48,3.5,UPI,Cancelled
639,01-03-2023,Chennai,Burger Town,Veg,1065,49,4.6,Card,Cancelled
640,23-02-2023,Bangalore,Tasty Bites,Fast Food,896,21,5,Card,Cancelled
641,17-04-2023,Delhi,Pizza Corner,Non-Veg,583,38,5,COD,Delivered
642,06-05-2023,Chennai,Tasty Bites,Non-Veg,699,29,4.2,Card,Delivered
643,03-04-2023,Mumbai,Pizza Corner,Veg,960,28,2.9,Card,Delivered
644,02-07-2023,Delhi,Tasty Bites,Non-Veg,804,57,2.5,COD,Cancelled
645,10-03-2023,Bangalore,Tasty Bites,Non-Veg,1468,21,4.6,COD,Cancelled
646,15-05-2023,Chennai,Spice Hub,Veg,808,50,3.1,UPI,Cancelled
647,14-11-2023,Hyderabad,Foodie Palace,Desserts,1108,46,4.7,Card,Cancelled
648,28-12-2023,Chennai,Spice Hub,Non-Veg,897,21,4.2,Card,Delivered
649,17-05-2023,Hyderabad,Spice Hub,Veg,769,36,2.9,Card,Cancelled
650,08-04-2023,Mumbai,Foodie Palace,Desserts,842,19,4.6,COD,Cancelled
651,30-10-2023,Bangalore,Spice Hub,Fast Food,798,22,4.3,COD,Delivered
652,04-11-2023,Hyderabad,Pizza Corner,Desserts,224,56,3.4,UPI,Delivered
653,15-07-2023,Hyderabad,Foodie Palace,Desserts,406,29,2.8,COD,Cancelled
654,24-04-2023,Mumbai,Tasty Bites,Non-Veg,220,20,4.8,COD,Delivered
655,03-05-2023,Delhi,Burger Town,Desserts,285,20,4.3,UPI,Delivered
656,07-03-2023,Mumbai,Spice Hub,Veg,343,20,3.3,COD,Cancelled
657,10-07-2023,Hyderabad,Spice Hub,Fast Food,955,15,3.2,UPI,Delivered
658,08-08-2023,Hyderabad,Burger Town,Veg,631,38,3.8,UPI,Cancelled
659,29-09-2023,Bangalore,Foodie Palace,Non-Veg,1499,39,4.1,COD,Cancelled
660,09-02-2023,Mumbai,Spice Hub,Veg,320,47,3.7,UPI,Cancelled
661,13-06-2023,Mumbai,Pizza Corner,Veg,769,31,4.3,UPI,Cancelled
662,08-07-2023,Hyderabad,Tasty Bites,Fast Food,594,16,2.6,Card,Cancelled
663,06-06-2023,Delhi,Pizza Corner,Veg,679,36,3.9,Card,Cancelled
664,15-08-2023,Delhi,Spice Hub,Fast Food,453,60,4.7,UPI,Delivered
665,21-06-2023,Bangalore,Spice Hub,Veg,883,16,4.9,COD,Delivered
666,01-02-2023,Hyderabad,Foodie Palace,Fast Food,115,41,2.7,COD,Cancelled
667,26-06-2023,Delhi,Foodie Palace,Fast Food,1270,30,4.6,COD,Cancelled
668,30-08-2023,Delhi,Spice Hub,Veg,1353,27,3.9,UPI,Delivered
669,07-09-2023,Delhi,Tasty Bites,Veg,1024,49,4.2,COD,Delivered
670,19-07-2023,Delhi,Pizza Corner,Veg,163,58,3.2,UPI,Delivered
671,04-02-2023,Mumbai,Tasty Bites,Fast Food,127,40,4.5,UPI,Cancelled
672,23-04-2023,Mumbai,Foodie Palace,Non-Veg,1250,58,2.8,COD,Delivered
673,20-06-2023,Chennai,Foodie Palace,Desserts,443,34,4,COD,Delivered
674,26-08-2023,Mumbai,Burger Town,Veg,669,29,4.1,Card,Cancelled
675,01-01-2023,Chennai,Tasty Bites,Non-Veg,1186,28,3.2,Card,Cancelled
676,26-03-2023,Bangalore,Burger Town,Fast Food,571,52,2.9,COD,Cancelled
677,29-11-2023,Mumbai,Burger Town,Non-Veg,815,31,3.2,Card,Cancelled
678,09-12-2023,Mumbai,Pizza Corner,Desserts,684,58,4.8,UPI,Delivered
679,31-12-2023,Bangalore,Foodie Palace,Veg,314,41,3.1,COD,Cancelled
680,23-11-2023,Chennai,Foodie Palace,Non-Veg,1389,55,2.9,COD,Delivered
681,04-03-2023,Chennai,Pizza Corner,Veg,138,17,3.4,Card,Delivered
682,24-03-2023,Bangalore,Burger Town,Fast Food,1274,42,3.7,COD,Cancelled
683,02-02-2023,Chennai,Burger Town,Veg,103,34,2.8,COD,Cancelled
684,02-06-2023,Delhi,Pizza Corner,Desserts,1272,60,2.8,Card,Cancelled
685,10-09-2023,Mumbai,Foodie Palace,Non-Veg,671,43,3.8,Card,Delivered
686,16-06-2023,Bangalore,Burger Town,Veg,1280,47,4.4,Card,Delivered
687,13-08-2023,Bangalore,Burger Town,Veg,375,49,3,UPI,Cancelled
688,20-02-2023,Hyderabad,Foodie Palace,Fast Food,699,41,4,UPI,Cancelled
689,14-04-2023,Bangalore,Tasty Bites,Fast Food,1434,41,4.4,Card,Cancelled
690,11-04-2023,Delhi,Tasty Bites,Veg,1085,34,2.6,Card,Cancelled
691,16-09-2023,Delhi,Pizza Corner,Non-Veg,1175,45,4.1,UPI,Delivered
692,22-06-2023,Mumbai,Spice Hub,Non-Veg,613,31,4,COD,Delivered
693,11-03-2023,Hyderabad,Burger Town,Veg,135,16,3.1,UPI,Cancelled
694,31-08-2023,Chennai,Foodie Palace,Non-Veg,836,30,4.7,UPI,Cancelled
695,06-12-2023,Mumbai,Tasty Bites,Non-Veg,713,55,3.1,UPI,Delivered
696,22-02-2023,Bangalore,Tasty Bites,Desserts,871,47,4.9,UPI,Cancelled
697,01-01-2024,Bangalore,Tasty Bites,Veg,1212,15,2.8,UPI,Delivered
698,14-01-2023,Delhi,Pizza Corner,Desserts,961,42,3.7,Card,Delivered
699,22-06-2023,Hyderabad,Pizza Corner,Fast Food,906,39,3,Card,Cancelled
700,04-10-2023,Delhi,Foodie Palace,Non-Veg,189,36,3.8,COD,Cancelled
701,07-05-2023,Bangalore,Burger Town,Non-Veg,373,44,3.4,COD,Cancelled
702,20-03-2023,Mumbai,Pizza Corner,Fast Food,345,43,3.7,UPI,Delivered
703,23-02-2023,Chennai,Foodie Palace,Fast Food,1488,30,3.9,UPI,Cancelled
704,19-03-2023,Bangalore,Foodie Palace,Fast Food,1136,24,2.9,UPI,Delivered
705,25-12-2023,Mumbai,Spice Hub,Veg,1088,53,3.4,COD,Delivered
706,25-11-2023,Delhi,Burger Town,Veg,297,30,4.2,Card,Delivered
707,02-07-2023,Bangalore,Tasty Bites,Non-Veg,835,15,4.2,COD,Cancelled
708,14-02-2023,Mumbai,Foodie Palace,Fast Food,1288,51,4.9,COD,Delivered
709,23-08-2023,Delhi,Tasty Bites,Veg,335,47,3.6,COD,Delivered
710,18-02-2023,Mumbai,Pizza Corner,Non-Veg,625,15,2.6,Card,Cancelled
711,01-09-2023,Hyderabad,Spice Hub,Veg,863,17,3,Card,Delivered
712,06-08-2023,Hyderabad,Foodie Palace,Veg,157,36,3.3,COD,Cancelled
713,17-05-2023,Chennai,Burger Town,Desserts,1271,58,3.3,UPI,Cancelled
714,15-06-2023,Chennai,Spice Hub,Veg,1348,35,4.5,Card,Cancelled
715,10-05-2023,Delhi,Foodie Palace,Fast Food,1289,28,3.9,UPI,Delivered
716,11-05-2023,Chennai,Burger Town,Fast Food,1305,48,3,Card,Delivered
717,02-05-2023,Hyderabad,Pizza Corner,Veg,1366,51,3,Card,Cancelled
718,19-04-2023,Hyderabad,Pizza Corner,Veg,918,22,3.4,Card,Delivered
719,01-07-2023,Delhi,Pizza Corner,Fast Food,1246,41,2.5,UPI,Cancelled
720,21-10-2023,Hyderabad,Pizza Corner,Veg,355,40,3.9,Card,Cancelled
721,03-06-2023,Chennai,Tasty Bites,Desserts,821,15,4.4,Card,Cancelled
722,21-11-2023,Bangalore,Tasty Bites,Non-Veg,1043,33,4.6,COD,Delivered
723,26-10-2023,Mumbai,Burger Town,Non-Veg,1218,50,3.8,Card,Delivered
724,16-04-2023,Hyderabad,Pizza Corner,Non-Veg,327,31,3.8,COD,Cancelled
725,29-08-2023,Mumbai,Foodie Palace,Desserts,999,26,4.3,UPI,Cancelled
726,14-03-2023,Hyderabad,Pizza Corner,Fast Food,632,17,4,COD,Delivered
727,31-07-2023,Mumbai,Foodie Palace,Fast Food,513,28,2.7,COD,Cancelled
728,13-12-2023,Hyderabad,Foodie Palace,Veg,936,15,5,UPI,Delivered
729,26-04-2023,Hyderabad,Tasty Bites,Fast Food,781,25,2.7,COD,Delivered
730,09-06-2023,Bangalore,Burger Town,Non-Veg,906,30,5,Card,Delivered
731,07-09-2023,Chennai,Burger Town,Fast Food,1481,48,3.7,COD,Delivered
732,26-12-2023,Mumbai,Burger Town,Desserts,1054,57,4,UPI,Cancelled
733,25-12-2023,Chennai,Burger Town,Desserts,105,46,3.6,COD,Cancelled
734,07-09-2023,Bangalore,Spice Hub,Veg,918,31,3.2,Card,Delivered
735,02-07-2023,Hyderabad,Spice Hub,Non-Veg,1497,48,5,UPI,Cancelled
736,05-09-2023,Hyderabad,Spice Hub,Non-Veg,658,47,2.9,UPI,Delivered
737,26-06-2023,Delhi,Spice Hub,Veg,320,22,2.9,COD,Cancelled
738,20-04-2023,Delhi,Tasty Bites,Desserts,638,45,3.2,Card,Cancelled
739,03-11-2023,Chennai,Burger Town,Veg,400,22,4.9,Card,Delivered
740,15-12-2023,Chennai,Pizza Corner,Desserts,154,39,4,UPI,Cancelled
741,21-12-2023,Chennai,Burger Town,Desserts,442,51,3.8,UPI,Cancelled
742,25-12-2023,Bangalore,Spice Hub,Fast Food,1131,16,3.2,UPI,Cancelled
743,18-11-2023,Mumbai,Spice Hub,Desserts,1104,60,4.9,COD,Cancelled
744,09-09-2023,Hyderabad,Burger Town,Desserts,751,59,4.1,COD,Delivered
745,08-06-2023,Hyderabad,Burger Town,Veg,594,23,2.9,Card,Delivered
746,26-01-2023,Chennai,Burger Town,Veg,1138,42,3.8,Card,Cancelled
747,06-12-2023,Bangalore,Burger Town,Non-Veg,1388,50,3.1,COD,Cancelled
748,28-02-2023,Mumbai,Burger Town,Non-Veg,1241,25,3.6,UPI,Delivered
749,27-08-2023,Hyderabad,Pizza Corner,Non-Veg,1293,18,2.7,UPI,Cancelled
750,27-08-2023,Chennai,Foodie Palace,Fast Food,831,18,4.8,UPI,Delivered
751,29-01-2023,Bangalore,Burger Town,Non-Veg,283,17,3,UPI,Cancelled
752,11-05-2023,Mumbai,Spice Hub,Non-Veg,1006,28,2.9,Card,Cancelled
753,09-11-2023,Hyderabad,Spice Hub,Non-Veg,1061,54,2.7,Card,Delivered
754,01-08-2023,Chennai,Burger Town,Non-Veg,257,49,4.9,Card,Cancelled
755,08-05-2023,Chennai,Pizza Corner,Fast Food,1231,28,3.2,UPI,Delivered
756,06-09-2023,Mumbai,Burger Town,Veg,792,58,3.8,Card,Delivered
757,26-11-2023,Delhi,Spice Hub,Fast Food,358,23,4.3,Card,Cancelled
758,15-05-2023,Delhi,Spice Hub,Fast Food,1226,51,4.7,Card,Delivered
759,18-11-2023,Hyderabad,Tasty Bites,Fast Food,1163,41,4.1,COD,Delivered
760,09-01-2023,Delhi,Foodie Palace,Non-Veg,708,56,5,Card,Cancelled
761,06-12-2023,Bangalore,Burger Town,Non-Veg,452,52,3.4,Card,Cancelled
762,15-07-2023,Bangalore,Foodie Palace,Non-Veg,478,50,2.8,Card,Delivered
763,21-08-2023,Delhi,Foodie Palace,Non-Veg,1032,29,3.3,UPI,Cancelled
764,01-04-2023,Bangalore,Foodie Palace,Fast Food,235,59,4.5,UPI,Cancelled
765,02-11-2023,Hyderabad,Pizza Corner,Desserts,859,53,3.6,COD,Cancelled
766,19-10-2023,Hyderabad,Burger Town,Fast Food,781,40,4.2,COD,Delivered
767,01-06-2023,Mumbai,Spice Hub,Fast Food,988,26,4.8,UPI,Delivered
768,16-08-2023,Mumbai,Burger Town,Veg,124,38,3.1,UPI,Delivered
769,16-05-2023,Chennai,Burger Town,Desserts,714,22,3.6,Card,Cancelled
770,08-12-2023,Mumbai,Spice Hub,Veg,1317,38,3.1,COD,Cancelled
771,07-05-2023,Bangalore,Pizza Corner,Desserts,1221,38,3.8,UPI,Cancelled
772,24-07-2023,Delhi,Spice Hub,Desserts,1150,29,4,COD,Delivered
773,06-02-2023,Bangalore,Tasty Bites,Desserts,1184,38,3.7,UPI,Delivered
774,01-07-2023,Delhi,Tasty Bites,Non-Veg,1382,15,3.6,UPI,Delivered
775,11-04-2023,Delhi,Burger Town,Veg,1426,39,3.2,UPI,Cancelled
776,13-03-2023,Bangalore,Burger Town,Non-Veg,312,59,3.6,COD,Delivered
777,28-03-2023,Hyderabad,Tasty Bites,Veg,819,25,3.2,UPI,Cancelled
778,26-06-2023,Delhi,Spice Hub,Non-Veg,485,37,2.7,UPI,Cancelled
779,05-04-2023,Mumbai,Tasty Bites,Fast Food,941,31,4.1,UPI,Delivered
780,10-09-2023,Mumbai,Tasty Bites,Veg,694,47,4.4,UPI,Cancelled
781,26-05-2023,Hyderabad,Burger Town,Veg,1103,59,2.6,COD,Delivered
782,08-07-2023,Bangalore,Pizza Corner,Veg,1366,18,3.2,UPI,Cancelled
783,26-08-2023,Mumbai,Tasty Bites,Desserts,425,21,3.5,Card,Delivered
784,13-10-2023,Delhi,Pizza Corner,Non-Veg,746,60,2.6,COD,Delivered
785,09-06-2023,Mumbai,Burger Town,Desserts,431,57,3,UPI,Cancelled
786,05-02-2023,Bangalore,Spice Hub,Non-Veg,1079,23,3.5,UPI,Delivered
787,31-03-2023,Mumbai,Foodie Palace,Fast Food,914,36,3.8,UPI,Cancelled
788,02-07-2023,Delhi,Spice Hub,Veg,968,42,3.6,Card,Delivered
789,22-07-2023,Hyderabad,Foodie Palace,Fast Food,913,29,4.2,Card,Delivered
790,28-03-2023,Mumbai,Spice Hub,Non-Veg,1233,48,2.9,UPI,Cancelled
791,31-01-2023,Hyderabad,Spice Hub,Veg,1272,48,4.2,UPI,Cancelled
792,04-05-2023,Bangalore,Foodie Palace,Non-Veg,1176,32,4.8,COD,Cancelled
793,26-05-2023,Delhi,Burger Town,Veg,576,27,3.5,COD,Delivered
794,12-06-2023,Mumbai,Spice Hub,Veg,692,32,2.6,UPI,Cancelled
795,25-10-2023,Delhi,Pizza Corner,Fast Food,507,33,4.7,Card,Delivered
796,30-10-2023,Chennai,Tasty Bites,Non-Veg,1156,20,3.7,Card,Cancelled
797,05-05-2023,Delhi,Spice Hub,Fast Food,239,38,4.6,COD,Cancelled
798,03-07-2023,Delhi,Pizza Corner,Veg,794,37,3.9,Card,Delivered
799,19-03-2023,Hyderabad,Burger Town,Desserts,812,36,3.2,COD,Cancelled
800,30-03-2023,Mumbai,Burger Town,Desserts,146,53,4.7,UPI,Cancelled
801,09-08-2023,Delhi,Burger Town,Fast Food,449,48,2.7,Card,Cancelled
802,13-07-2023,Mumbai,Pizza Corner,Veg,159,34,4.6,Card,Delivered
803,27-12-2023,Hyderabad,Spice Hub,Desserts,897,50,4.5,Card,Delivered
804,15-05-2023,Delhi,Spice Hub,Desserts,783,39,4.2,COD,Cancelled
805,04-10-2023,Bangalore,Pizza Corner,Veg,640,24,4.8,UPI,Cancelled
806,11-09-2023,Hyderabad,Burger Town,Non-Veg,803,16,4.3,Card,Delivered
807,02-05-2023,Hyderabad,Tasty Bites,Veg,1257,49,3.4,COD,Delivered
808,08-09-2023,Hyderabad,Pizza Corner,Fast Food,673,60,3.4,Card,Cancelled
809,14-06-2023,Bangalore,Pizza Corner,Non-Veg,941,30,4.5,UPI,Delivered
810,26-05-2023,Bangalore,Foodie Palace,Non-Veg,635,22,2.5,UPI,Cancelled
811,16-12-2023,Mumbai,Pizza Corner,Non-Veg,242,34,4.3,Card,Cancelled
812,06-05-2023,Chennai,Spice Hub,Veg,1112,50,4.3,Card,Delivered
813,01-03-2023,Hyderabad,Tasty Bites,Veg,373,18,2.9,UPI,Cancelled
814,23-02-2023,Chennai,Spice Hub,Veg,192,47,4.4,Card,Delivered
815,16-08-2023,Mumbai,Spice Hub,Desserts,166,21,2.9,UPI,Cancelled
816,31-07-2023,Delhi,Foodie Palace,Non-Veg,718,50,4.6,Card,Delivered
817,23-10-2023,Mumbai,Burger Town,Veg,1059,30,2.6,COD,Cancelled
818,05-01-2023,Mumbai,Foodie Palace,Non-Veg,1295,19,4.2,Card,Cancelled
819,24-10-2023,Delhi,Foodie Palace,Veg,319,18,3.5,UPI,Cancelled
820,19-11-2023,Mumbai,Spice Hub,Desserts,428,22,4.7,UPI,Cancelled
821,23-11-2023,Chennai,Tasty Bites,Fast Food,1384,31,2.7,Card,Delivered
822,23-09-2023,Delhi,Tasty Bites,Fast Food,1252,50,4.7,UPI,Delivered
823,10-11-2023,Chennai,Pizza Corner,Fast Food,1349,38,4.2,COD,Cancelled
824,13-01-2023,Chennai,Tasty Bites,Desserts,610,55,3,Card,Delivered
825,18-12-2023,Delhi,Pizza Corner,Veg,668,56,3.2,UPI,Delivered
826,30-04-2023,Bangalore,Spice Hub,Desserts,396,27,2.9,Card,Cancelled
827,31-08-2023,Hyderabad,Foodie Palace,Desserts,1455,47,2.8,Card,Delivered
828,31-10-2023,Delhi,Burger Town,Veg,481,21,4,COD,Cancelled
829,13-08-2023,Hyderabad,Burger Town,Desserts,1111,41,4.7,UPI,Cancelled
830,09-02-2023,Mumbai,Pizza Corner,Veg,1318,31,4.8,Card,Cancelled
831,06-05-2023,Hyderabad,Spice Hub,Fast Food,236,44,4.1,COD,Delivered
832,30-09-2023,Delhi,Foodie Palace,Veg,1449,53,2.9,Card,Cancelled
833,12-05-2023,Mumbai,Pizza Corner,Desserts,404,57,3,Card,Delivered
834,18-05-2023,Chennai,Tasty Bites,Desserts,1322,41,4.5,COD,Cancelled
835,28-12-2023,Mumbai,Pizza Corner,Fast Food,699,58,3.5,Card,Cancelled
836,19-07-2023,Delhi,Tasty Bites,Non-Veg,415,50,2.9,Card,Cancelled
837,06-06-2023,Mumbai,Spice Hub,Non-Veg,464,30,2.9,Card,Cancelled
838,27-07-2023,Chennai,Foodie Palace,Non-Veg,975,29,3,Card,Cancelled
839,01-12-2023,Chennai,Pizza Corner,Fast Food,705,55,4.9,Card,Delivered
840,04-05-2023,Chennai,Burger Town,Desserts,838,59,4.6,Card,Delivered
841,19-01-2023,Bangalore,Pizza Corner,Fast Food,1246,30,4,Card,Delivered
842,13-03-2023,Chennai,Pizza Corner,Non-Veg,566,58,3,COD,Cancelled
843,17-05-2023,Delhi,Burger Town,Non-Veg,224,31,3.7,UPI,Delivered
844,21-08-2023,Hyderabad,Tasty Bites,Desserts,1253,17,3.6,Card,Cancelled
845,07-05-2023,Mumbai,Pizza Corner,Desserts,545,31,2.8,UPI,Delivered
846,02-06-2023,Chennai,Spice Hub,Fast Food,372,38,4.1,UPI,Cancelled
847,02-03-2023,Bangalore,Burger Town,Veg,313,49,4.5,UPI,Delivered
848,20-08-2023,Bangalore,Tasty Bites,Desserts,363,49,4,UPI,Cancelled
849,01-01-2024,Delhi,Tasty Bites,Veg,899,26,3,UPI,Delivered
850,04-02-2023,Mumbai,Pizza Corner,Veg,335,59,3,Card,Delivered
851,08-06-2023,Hyderabad,Spice Hub,Veg,899,32,2.8,UPI,Cancelled
852,29-07-2023,Chennai,Pizza Corner,Fast Food,1090,19,2.6,UPI,Cancelled
853,20-04-2023,Mumbai,Tasty Bites,Fast Food,1490,42,4.3,COD,Cancelled
854,26-03-2023,Bangalore,Tasty Bites,Veg,693,16,4.2,UPI,Delivered
855,10-04-2023,Chennai,Foodie Palace,Desserts,428,19,4.1,COD,Delivered
856,30-12-2023,Delhi,Foodie Palace,Desserts,811,35,4,UPI,Delivered
857,13-07-2023,Chennai,Pizza Corner,Veg,696,30,4.5,Card,Cancelled
858,05-07-2023,Delhi,Burger Town,Fast Food,1346,41,3.5,COD,Cancelled
859,25-04-2023,Mumbai,Foodie Palace,Non-Veg,1075,50,2.8,UPI,Delivered
860,10-01-2023,Chennai,Foodie Palace,Veg,856,16,3.8,UPI,Delivered
861,19-03-2023,Delhi,Burger Town,Non-Veg,454,56,3.8,COD,Cancelled
862,04-05-2023,Bangalore,Spice Hub,Veg,666,53,4.1,UPI,Cancelled
863,03-09-2023,Hyderabad,Pizza Corner,Non-Veg,1213,17,3.2,Card,Delivered
864,03-06-2023,Bangalore,Pizza Corner,Non-Veg,252,26,4.7,UPI,Delivered
865,10-06-2023,Hyderabad,Foodie Palace,Non-Veg,1096,40,4.7,COD,Delivered
866,13-07-2023,Mumbai,Pizza Corner,Desserts,253,23,2.9,UPI,Cancelled
867,13-06-2023,Delhi,Spice Hub,Non-Veg,172,19,3,Card,Cancelled
868,18-10-2023,Delhi,Spice Hub,Desserts,847,57,5,UPI,Delivered
869,15-06-2023,Bangalore,Tasty Bites,Non-Veg,1198,32,3.7,Card,Delivered
870,12-03-2023,Delhi,Pizza Corner,Desserts,430,15,4.7,UPI,Delivered
871,30-03-2023,Chennai,Burger Town,Non-Veg,363,36,3,COD,Delivered
872,23-08-2023,Delhi,Foodie Palace,Fast Food,1178,46,2.7,UPI,Cancelled
873,25-04-2023,Mumbai,Spice Hub,Non-Veg,706,16,4.1,UPI,Delivered
874,05-12-2023,Bangalore,Pizza Corner,Desserts,176,47,4,UPI,Delivered
875,17-03-2023,Bangalore,Burger Town,Non-Veg,1249,24,4.3,Card,Delivered
876,05-11-2023,Bangalore,Pizza Corner,Fast Food,240,26,3,COD,Cancelled
877,29-08-2023,Mumbai,Burger Town,Desserts,574,40,2.8,Card,Delivered
878,02-02-2023,Chennai,Pizza Corner,Fast Food,496,49,4.2,Card,Cancelled
879,29-05-2023,Chennai,Pizza Corner,Veg,456,43,3,UPI,Cancelled
880,11-08-2023,Hyderabad,Spice Hub,Veg,364,55,4,Card,Delivered
881,27-05-2023,Bangalore,Spice Hub,Desserts,407,50,4.1,Card,Cancelled
882,26-02-2023,Mumbai,Pizza Corner,Veg,521,38,3.8,COD,Delivered
883,16-07-2023,Hyderabad,Pizza Corner,Fast Food,1364,57,4.1,UPI,Delivered
884,06-02-2023,Bangalore,Pizza Corner,Non-Veg,1264,40,2.7,UPI,Cancelled
885,26-05-2023,Bangalore,Tasty Bites,Veg,185,44,4.4,COD,Cancelled
886,20-09-2023,Mumbai,Foodie Palace,Veg,1015,18,2.8,Card,Delivered
887,12-05-2023,Chennai,Burger Town,Desserts,1228,48,5,COD,Delivered
888,21-03-2023,Mumbai,Burger Town,Veg,1151,38,2.5,Card,Cancelled
889,26-12-2023,Chennai,Foodie Palace,Veg,906,38,2.9,UPI,Delivered
890,21-01-2023,Hyderabad,Burger Town,Fast Food,1377,26,4.6,UPI,Cancelled
891,05-10-2023,Hyderabad,Pizza Corner,Desserts,621,36,4.1,COD,Cancelled
892,13-02-2023,Delhi,Pizza Corner,Non-Veg,172,44,4.1,Card,Cancelled
893,17-02-2023,Bangalore,Pizza Corner,Desserts,274,39,3.6,UPI,Cancelled
894,16-09-2023,Bangalore,Burger Town,Desserts,439,40,4.1,UPI,Delivered
895,30-06-2023,Chennai,Pizza Corner,Veg,1068,20,3.6,Card,Delivered
896,06-04-2023,Hyderabad,Spice Hub,Non-Veg,991,40,4.4,Card,Delivered
897,09-09-2023,Hyderabad,Foodie Palace,Veg,1131,47,3.6,UPI,Delivered
898,26-02-2023,Chennai,Burger Town,Veg,193,59,3,COD,Cancelled
899,27-12-2023,Chennai,Burger Town,Desserts,477,29,3.6,COD,Delivered
900,19-12-2023,Mumbai,Foodie Palace,Fast Food,1440,24,4.9,Card,Delivered
901,19-09-2023,Delhi,Foodie Palace,Desserts,924,40,3.6,UPI,Delivered
902,09-09-2023,Delhi,Pizza Corner,Fast Food,349,18,4.8,UPI,Cancelled
903,29-05-2023,Mumbai,Spice Hub,Fast Food,299,32,3.7,UPI,Cancelled
904,16-09-2023,Bangalore,Spice Hub,Fast Food,646,59,3.9,Card,Cancelled
905,04-09-2023,Delhi,Spice Hub,Fast Food,1488,24,4.6,UPI,Cancelled
906,23-05-2023,Hyderabad,Spice Hub,Non-Veg,1450,38,4.7,Card,Cancelled
907,18-06-2023,Hyderabad,Pizza Corner,Non-Veg,715,15,4.1,COD,Cancelled
908,01-04-2023,Hyderabad,Spice Hub,Veg,353,28,3.6,COD,Delivered
909,14-07-2023,Delhi,Tasty Bites,Non-Veg,317,34,3.6,Card,Cancelled
910,27-06-2023,Chennai,Foodie Palace,Fast Food,426,46,4.7,UPI,Delivered
911,10-06-2023,Delhi,Spice Hub,Non-Veg,1038,18,4.5,Card,Cancelled
912,09-02-2023,Bangalore,Burger Town,Non-Veg,800,46,2.7,COD,Delivered
913,04-02-2023,Chennai,Tasty Bites,Non-Veg,1211,21,3.5,COD,Cancelled
914,02-07-2023,Chennai,Burger Town,Fast Food,1183,55,3.7,COD,Delivered
915,13-04-2023,Bangalore,Spice Hub,Non-Veg,991,47,3.1,UPI,Delivered
916,29-12-2023,Hyderabad,Pizza Corner,Veg,247,59,4.7,COD,Cancelled
917,19-05-2023,Chennai,Spice Hub,Veg,323,49,3,UPI,Cancelled
918,27-01-2023,Delhi,Tasty Bites,Fast Food,1035,25,3.2,UPI,Delivered
919,25-11-2023,Delhi,Burger Town,Veg,1324,39,4,UPI,Cancelled
920,12-05-2023,Hyderabad,Spice Hub,Desserts,675,33,3,Card,Cancelled
921,17-12-2023,Bangalore,Pizza Corner,Fast Food,680,52,4.6,COD,Cancelled
922,21-03-2023,Hyderabad,Spice Hub,Veg,417,29,4.2,COD,Cancelled
923,21-10-2023,Delhi,Tasty Bites,Veg,183,49,3.8,Card,Delivered
924,16-07-2023,Delhi,Burger Town,Fast Food,1186,15,2.7,Card,Delivered
925,21-05-2023,Mumbai,Foodie Palace,Desserts,298,32,4.1,Card,Cancelled
926,19-01-2023,Mumbai,Tasty Bites,Non-Veg,1133,31,4.1,Card,Cancelled
927,13-02-2023,Delhi,Burger Town,Veg,478,16,4.5,UPI,Delivered
928,25-03-2023,Chennai,Tasty Bites,Fast Food,429,47,4.1,UPI,Delivered
929,25-08-2023,Chennai,Spice Hub,Desserts,184,45,4.9,UPI,Delivered
930,28-05-2023,Hyderabad,Spice Hub,Fast Food,966,47,2.9,Card,Cancelled
931,18-05-2023,Mumbai,Pizza Corner,Non-Veg,1181,58,4.4,UPI,Delivered
932,27-03-2023,Delhi,Spice Hub,Fast Food,888,34,2.8,COD,Delivered
933,05-04-2023,Delhi,Foodie Palace,Veg,314,26,4.1,UPI,Cancelled
934,22-12-2023,Hyderabad,Tasty Bites,Fast Food,1087,57,2.8,UPI,Cancelled
935,31-08-2023,Bangalore,Tasty Bites,Non-Veg,1499,27,2.9,Card,Cancelled
936,03-11-2023,Delhi,Tasty Bites,Desserts,687,51,4.9,COD,Cancelled
937,21-04-2023,Chennai,Foodie Palace,Desserts,1106,17,3.3,COD,Cancelled
938,11-12-2023,Hyderabad,Pizza Corner,Veg,1283,50,3.7,Card,Cancelled
939,01-01-2023,Mumbai,Burger Town,Fast Food,909,25,3,Card,Cancelled
940,26-09-2023,Bangalore,Burger Town,Veg,351,23,3.8,UPI,Delivered
941,25-06-2023,Bangalore,Burger Town,Non-Veg,1245,53,3.8,Card,Delivered
942,13-09-2023,Mumbai,Foodie Palace,Fast Food,121,53,3.7,COD,Delivered
943,14-09-2023,Delhi,Burger Town,Desserts,1301,36,3.6,UPI,Delivered
944,30-09-2023,Mumbai,Spice Hub,Veg,889,41,3.1,UPI,Cancelled
945,23-05-2023,Bangalore,Tasty Bites,Fast Food,395,50,4.9,COD,Cancelled
946,23-12-2023,Hyderabad,Foodie Palace,Non-Veg,317,49,3.6,Card,Cancelled
947,21-12-2023,Mumbai,Foodie Palace,Fast Food,1254,44,4.9,Card,Cancelled
948,23-06-2023,Bangalore,Tasty Bites,Desserts,1398,51,4,UPI,Cancelled
949,24-06-2023,Chennai,Foodie Palace,Veg,494,45,4.9,UPI,Delivered
950,23-02-2023,Delhi,Tasty Bites,Desserts,1077,55,3.6,UPI,Delivered
951,06-05-2023,Chennai,Pizza Corner,Non-Veg,204,39,2.7,Card,Cancelled
952,31-12-2023,Mumbai,Spice Hub,Desserts,566,17,4.1,Card,Delivered
953,12-04-2023,Mumbai,Pizza Corner,Fast Food,126,33,2.6,UPI,Cancelled
954,28-07-2023,Mumbai,Burger Town,Non-Veg,946,16,4,Card,Delivered
955,06-06-2023,Mumbai,Pizza Corner,Desserts,1378,46,4.1,COD,Delivered
956,07-11-2023,Mumbai,Spice Hub,Fast Food,1393,43,3.2,Card,Delivered
957,23-06-2023,Delhi,Tasty Bites,Veg,1189,58,5,Card,Delivered
958,15-06-2023,Delhi,Foodie Palace,Non-Veg,190,42,4.8,Card,Delivered
959,28-06-2023,Mumbai,Pizza Corner,Non-Veg,1283,18,5,COD,Delivered
960,15-04-2023,Delhi,Pizza Corner,Veg,111,53,3.6,COD,Cancelled
961,19-08-2023,Mumbai,Foodie Palace,Fast Food,1210,34,3.4,UPI,Cancelled
962,10-11-2023,Hyderabad,Burger Town,Veg,415,43,4.3,UPI,Cancelled
963,23-03-2023,Bangalore,Burger Town,Veg,617,28,3.9,Card,Cancelled
964,26-07-2023,Delhi,Pizza Corner,Desserts,120,49,3.9,UPI,Cancelled
965,13-02-2023,Chennai,Tasty Bites,Veg,325,19,4.4,COD,Cancelled
966,12-06-2023,Mumbai,Burger Town,Non-Veg,247,51,4.5,UPI,Cancelled
967,07-06-2023,Mumbai,Burger Town,Desserts,165,15,3.3,COD,Delivered
968,07-05-2023,Mumbai,Foodie Palace,Non-Veg,848,16,2.9,COD,Delivered
969,12-01-2023,Mumbai,Foodie Palace,Desserts,862,60,2.6,COD,Delivered
970,11-03-2023,Hyderabad,Pizza Corner,Desserts,1094,50,4.3,Card,Delivered
971,29-08-2023,Chennai,Tasty Bites,Desserts,1388,47,3.2,COD,Cancelled
972,14-01-2023,Mumbai,Pizza Corner,Fast Food,1109,18,2.6,UPI,Delivered
973,11-07-2023,Bangalore,Tasty Bites,Non-Veg,480,30,4,Card,Delivered
974,26-03-2023,Hyderabad,Foodie Palace,Non-Veg,896,30,2.8,COD,Delivered
975,27-07-2023,Hyderabad,Spice Hub,Desserts,252,25,3.4,Card,Delivered
976,09-08-2023,Delhi,Burger Town,Non-Veg,153,34,3.3,Card,Cancelled
977,09-12-2023,Mumbai,Pizza Corner,Veg,957,36,2.5,Card,Delivered
978,10-04-2023,Chennai,Pizza Corner,Non-Veg,359,25,3.9,UPI,Delivered
979,17-02-2023,Hyderabad,Burger Town,Fast Food,496,20,3.7,UPI,Delivered
980,07-08-2023,Delhi,Pizza Corner,Non-Veg,717,33,4.4,Card,Cancelled
981,12-03-2023,Bangalore,Spice Hub,Fast Food,1372,33,4.2,Card,Delivered
982,11-09-2023,Bangalore,Pizza Corner,Non-Veg,1175,48,4.6,COD,Cancelled
983,17-02-2023,Hyderabad,Burger Town,Fast Food,460,18,3.2,Card,Cancelled
984,06-09-2023,Delhi,Spice Hub,Non-Veg,275,42,3.9,COD,Delivered
985,16-06-2023,Delhi,Tasty Bites,Fast Food,759,51,3.1,Card,Delivered
986,29-06-2023,Delhi,Spice Hub,Veg,846,20,4.9,UPI,Cancelled
987,31-08-2023,Mumbai,Tasty Bites,Non-Veg,710,15,4.8,Card,Cancelled
988,05-08-2023,Hyderabad,Tasty Bites,Fast Food,610,44,2.8,Card,Cancelled
989,07-09-2023,Mumbai,Tasty Bites,Fast Food,187,20,4.4,Card,Cancelled
990,06-04-2023,Bangalore,Foodie Palace,Veg,1118,60,3.2,COD,Cancelled
991,07-01-2023,Delhi,Pizza Corner,Veg,639,57,4.2,UPI,Delivered
992,28-09-2023,Chennai,Foodie Palace,Desserts,706,60,4.7,COD,Delivered
993,29-08-2023,Delhi,Spice Hub,Non-Veg,1119,24,2.7,Card,Delivered
994,10-08-2023,Mumbai,Tasty Bites,Veg,963,22,4.1,UPI,Delivered
995,08-05-2023,Chennai,Foodie Palace,Non-Veg,685,51,4,COD,Cancelled
996,22-03-2023,Hyderabad,Foodie Palace,Veg,1070,51,4.4,COD,Cancelled
997,31-03-2023,Chennai,Foodie Palace,Fast Food,393,32,3.8,Card,Delivered
998,20-10-2023,Delhi,Burger Town,Veg,1236,29,3.9,COD,Delivered
999,14-12-2023,Chennai,Tasty Bites,Desserts,754,31,2.5,Card,Delivered
1000,07-11-2023,Delhi,Spice Hub,Non-Veg,403,30,4.7,COD,Delivered
1001,09-06-2023,Mumbai,Burger Town,Veg,1099,54,4.4,UPI,Delivered
1002,30-10-2023,Bangalore,Burger Town,Desserts,482,17,4.1,Card,Cancelled
1003,22-01-2023,Hyderabad,Pizza Corner,Fast Food,1341,53,4.3,COD,Cancelled
1004,14-08-2023,Hyderabad,Spice Hub,Non-Veg,1426,17,2.8,Card,Delivered
1005,09-05-2023,Chennai,Pizza Corner,Desserts,464,39,3,COD,Cancelled
1006,29-09-2023,Delhi,Burger Town,Non-Veg,1411,22,3.2,UPI,Cancelled
1007,22-08-2023,Hyderabad,Tasty Bites,Desserts,435,15,3.5,Card,Delivered
1008,19-09-2023,Mumbai,Pizza Corner,Veg,291,25,3.1,UPI,Cancelled
1009,24-02-2023,Chennai,Pizza Corner,Non-Veg,437,29,5,UPI,Cancelled
1010,26-06-2023,Chennai,Spice Hub,Non-Veg,454,40,4.1,UPI,Cancelled
1011,16-08-2023,Delhi,Foodie Palace,Veg,803,44,4.6,Card,Cancelled
1012,07-05-2023,Delhi,Pizza Corner,Veg,917,30,3.9,Card,Delivered
1013,07-06-2023,Bangalore,Spice Hub,Non-Veg,702,48,2.8,COD,Cancelled
1014,10-09-2023,Delhi,Tasty Bites,Fast Food,598,52,3.7,UPI,Cancelled
1015,26-05-2023,Chennai,Foodie Palace,Non-Veg,1303,18,3.6,COD,Cancelled
1016,14-09-2023,Hyderabad,Spice Hub,Fast Food,662,53,4,COD,Cancelled
1017,22-02-2023,Delhi,Spice Hub,Fast Food,428,25,4.4,UPI,Delivered
1018,09-08-2023,Chennai,Pizza Corner,Veg,880,36,4.1,UPI,Delivered
1019,15-10-2023,Chennai,Burger Town,Non-Veg,587,28,3.2,Card,Cancelled
1020,28-06-2023,Chennai,Spice Hub,Non-Veg,748,52,4.1,COD,Cancelled
1021,04-08-2023,Delhi,Pizza Corner,Fast Food,793,48,3.5,UPI,Cancelled
1022,26-02-2023,Bangalore,Pizza Corner,Desserts,672,56,4.8,UPI,Cancelled
1023,22-02-2023,Mumbai,Pizza Corner,Non-Veg,1308,15,4,COD,Cancelled
1024,24-01-2023,Hyderabad,Burger Town,Non-Veg,648,23,3.8,Card,Cancelled
1025,24-05-2023,Bangalore,Spice Hub,Non-Veg,905,46,2.6,Card,Cancelled
1026,16-12-2023,Mumbai,Spice Hub,Desserts,620,35,3.3,Card,Delivered
1027,24-12-2023,Bangalore,Tasty Bites,Desserts,1361,17,4.8,UPI,Cancelled
1028,03-12-2023,Bangalore,Pizza Corner,Veg,859,24,2.9,COD,Cancelled
1029,18-04-2023,Delhi,Spice Hub,Fast Food,1239,43,3.7,UPI,Delivered
1030,19-02-2023,Hyderabad,Pizza Corner,Fast Food,259,17,4.3,Card,Cancelled
1031,09-12-2023,Mumbai,Tasty Bites,Fast Food,1279,43,4.7,UPI,Cancelled
1032,30-07-2023,Delhi,Tasty Bites,Desserts,108,24,3.8,Card,Delivered
1033,21-10-2023,Mumbai,Tasty Bites,Non-Veg,996,28,3.2,UPI,Cancelled
1034,30-05-2023,Chennai,Spice Hub,Veg,924,17,2.6,COD,Delivered
1035,22-10-2023,Bangalore,Tasty Bites,Non-Veg,793,25,2.6,Card,Cancelled
1036,19-01-2023,Delhi,Spice Hub,Non-Veg,648,30,4.3,UPI,Delivered
1037,09-12-2023,Mumbai,Pizza Corner,Fast Food,363,15,3.3,UPI,Cancelled
1038,25-08-2023,Mumbai,Burger Town,Veg,509,15,4.9,UPI,Cancelled
1039,18-05-2023,Mumbai,Foodie Palace,Veg,137,38,4.3,Card,Delivered
1040,30-08-2023,Bangalore,Foodie Palace,Veg,1026,30,3.9,COD,Cancelled
1041,05-12-2023,Bangalore,Burger Town,Non-Veg,361,37,3.4,COD,Cancelled
1042,19-09-2023,Delhi,Foodie Palace,Veg,1267,55,3.1,Card,Cancelled
1043,29-03-2023,Bangalore,Foodie Palace,Non-Veg,557,35,2.6,COD,Delivered
1044,10-12-2023,Delhi,Foodie Palace,Fast Food,596,20,2.5,COD,Cancelled
1045,11-03-2023,Chennai,Tasty Bites,Desserts,1196,49,4.4,Card,Cancelled
1046,06-12-2023,Hyderabad,Burger Town,Veg,331,51,3.2,Card,Cancelled
1047,10-03-2023,Chennai,Spice Hub,Desserts,533,30,4.4,Card,Cancelled
1048,25-03-2023,Mumbai,Pizza Corner,Fast Food,617,19,2.7,Card,Cancelled
1049,28-01-2023,Mumbai,Tasty Bites,Veg,270,59,3.4,Card,Cancelled
1050,11-11-2023,Delhi,Pizza Corner,Non-Veg,1055,16,3.3,COD,Cancelled
1051,08-07-2023,Chennai,Foodie Palace,Desserts,213,35,3.6,COD,Cancelled
1052,14-05-2023,Chennai,Burger Town,Non-Veg,990,57,3.7,Card,Cancelled
1053,24-02-2023,Delhi,Burger Town,Desserts,1044,45,2.6,COD,Delivered
1054,01-08-2023,Bangalore,Burger Town,Desserts,901,48,3.2,Card,Cancelled
1055,16-04-2023,Chennai,Pizza Corner,Veg,346,25,3.9,Card,Cancelled
1056,05-01-2023,Delhi,Spice Hub,Non-Veg,1411,46,5,COD,Delivered
1057,29-06-2023,Bangalore,Spice Hub,Fast Food,793,36,4.7,UPI,Delivered
1058,30-07-2023,Mumbai,Foodie Palace,Non-Veg,617,39,3.8,Card,Delivered
1059,17-07-2023,Delhi,Spice Hub,Veg,217,51,4.1,UPI,Cancelled
1060,21-11-2023,Chennai,Foodie Palace,Desserts,627,53,3,Card,Delivered
1061,27-09-2023,Chennai,Pizza Corner,Non-Veg,364,29,4.3,Card,Cancelled
1062,25-02-2023,Delhi,Tasty Bites,Desserts,627,21,3.4,Card,Cancelled
1063,15-11-2023,Hyderabad,Foodie Palace,Veg,1482,43,4.5,COD,Delivered
1064,03-03-2023,Mumbai,Burger Town,Desserts,1450,59,3.3,UPI,Cancelled
1065,23-12-2023,Mumbai,Pizza Corner,Fast Food,1026,33,2.6,COD,Delivered
1066,12-11-2023,Hyderabad,Foodie Palace,Fast Food,1400,28,3.3,COD,Cancelled
1067,05-04-2023,Mumbai,Foodie Palace,Desserts,1342,22,3.6,UPI,Cancelled
1068,18-02-2023,Delhi,Foodie Palace,Desserts,1208,17,4,Card,Cancelled
1069,26-08-2023,Hyderabad,Burger Town,Veg,932,51,3.5,Card,Cancelled
1070,29-03-2023,Bangalore,Tasty Bites,Fast Food,639,20,2.9,UPI,Cancelled
1071,04-07-2023,Mumbai,Spice Hub,Non-Veg,893,28,3.4,UPI,Cancelled
1072,20-01-2023,Bangalore,Burger Town,Veg,419,43,4.2,COD,Delivered
1073,20-11-2023,Delhi,Tasty Bites,Non-Veg,1421,53,4.9,COD,Delivered
1074,14-03-2023,Bangalore,Spice Hub,Non-Veg,1454,25,4.1,Card,Delivered
1075,08-10-2023,Chennai,Spice Hub,Fast Food,1492,25,3.7,UPI,Cancelled
1076,22-09-2023,Chennai,Spice Hub,Non-Veg,797,38,4.9,COD,Delivered
1077,09-09-2023,Delhi,Spice Hub,Veg,380,25,4.1,UPI,Delivered
1078,16-05-2023,Mumbai,Pizza Corner,Non-Veg,456,20,2.8,COD,Delivered
1079,17-10-2023,Delhi,Burger Town,Non-Veg,872,22,3.8,Card,Cancelled
1080,11-10-2023,Chennai,Burger Town,Veg,555,50,3.6,UPI,Delivered
1081,16-09-2023,Hyderabad,Pizza Corner,Non-Veg,1238,33,3.9,UPI,Cancelled
1082,30-10-2023,Mumbai,Tasty Bites,Fast Food,334,51,2.5,COD,Delivered
1083,02-01-2023,Hyderabad,Tasty Bites,Non-Veg,1217,58,3.2,Card,Cancelled
1084,11-02-2023,Delhi,Pizza Corner,Non-Veg,833,31,2.7,UPI,Cancelled
1085,12-07-2023,Mumbai,Pizza Corner,Fast Food,402,16,4.5,UPI,Delivered
1086,09-10-2023,Bangalore,Foodie Palace,Desserts,1159,41,3.6,Card,Delivered
1087,15-07-2023,Bangalore,Foodie Palace,Non-Veg,392,52,4.9,Card,Delivered
1088,18-02-2023,Hyderabad,Pizza Corner,Desserts,730,59,4.6,COD,Delivered
1089,21-11-2023,Hyderabad,Spice Hub,Veg,781,18,3.6,UPI,Delivered
1090,28-08-2023,Mumbai,Pizza Corner,Veg,182,34,4.8,COD,Cancelled
1091,04-04-2023,Hyderabad,Burger Town,Non-Veg,810,23,2.6,Card,Cancelled
1092,01-08-2023,Bangalore,Foodie Palace,Veg,959,22,3,Card,Delivered
1093,06-04-2023,Mumbai,Pizza Corner,Veg,799,49,2.8,Card,Cancelled
1094,10-06-2023,Chennai,Foodie Palace,Desserts,274,48,4.2,COD,Delivered
1095,16-06-2023,Bangalore,Burger Town,Fast Food,408,15,3.9,Card,Delivered
1096,08-08-2023,Delhi,Tasty Bites,Non-Veg,1160,44,4.5,COD,Delivered
1097,29-09-2023,Bangalore,Tasty Bites,Desserts,158,44,3,UPI,Cancelled
1098,22-08-2023,Chennai,Tasty Bites,Non-Veg,243,17,4.4,UPI,Cancelled
1099,20-08-2023,Chennai,Pizza Corner,Non-Veg,195,56,3.6,Card,Cancelled
1100,30-12-2023,Mumbai,Foodie Palace,Non-Veg,781,19,4.6,COD,Cancelled
1101,28-11-2023,Mumbai,Pizza Corner,Fast Food,747,25,3.6,COD,Cancelled
1102,19-06-2023,Bangalore,Burger Town,Veg,651,34,4.3,Card,Delivered
1103,25-09-2023,Hyderabad,Spice Hub,Veg,1307,55,4.2,COD,Delivered
1104,15-04-2023,Bangalore,Tasty Bites,Veg,250,36,3.6,Card,Delivered
1105,23-03-2023,Delhi,Tasty Bites,Fast Food,415,24,3.3,Card,Delivered
1106,19-06-2023,Chennai,Pizza Corner,Veg,127,47,4.6,COD,Delivered
1107,18-11-2023,Mumbai,Tasty Bites,Non-Veg,1477,40,3.5,COD,Delivered
1108,01-07-2023,Delhi,Spice Hub,Non-Veg,1168,58,4.9,UPI,Cancelled
1109,08-07-2023,Delhi,Burger Town,Fast Food,680,35,4.2,Card,Cancelled
1110,11-07-2023,Chennai,Burger Town,Fast Food,1259,57,5,UPI,Cancelled
1111,15-04-2023,Delhi,Foodie Palace,Veg,285,39,3,UPI,Delivered
1112,18-10-2023,Hyderabad,Spice Hub,Desserts,924,58,4.3,Card,Delivered
1113,26-07-2023,Mumbai,Spice Hub,Desserts,280,16,3.7,UPI,Delivered
1114,15-09-2023,Chennai,Pizza Corner,Veg,1118,27,3.2,Card,Cancelled
1115,30-10-2023,Delhi,Burger Town,Fast Food,851,21,4.3,UPI,Delivered
1116,18-02-2023,Chennai,Spice Hub,Desserts,1125,21,2.9,UPI,Delivered
1117,30-11-2023,Chennai,Burger Town,Fast Food,837,45,4.4,UPI,Delivered
1118,23-12-2023,Mumbai,Spice Hub,Desserts,1084,55,3.6,Card,Cancelled
1119,10-12-2023,Bangalore,Foodie Palace,Desserts,378,53,3.4,COD,Cancelled
1120,18-11-2023,Delhi,Burger Town,Desserts,1003,41,3.5,Card,Delivered
1121,24-08-2023,Bangalore,Burger Town,Non-Veg,909,31,4.7,UPI,Delivered
1122,06-09-2023,Chennai,Spice Hub,Non-Veg,520,48,3.5,UPI,Delivered
1123,14-10-2023,Mumbai,Pizza Corner,Veg,307,60,3.1,Card,Delivered
1124,18-01-2023,Hyderabad,Spice Hub,Fast Food,632,26,4.4,UPI,Delivered
1125,06-12-2023,Mumbai,Foodie Palace,Veg,794,36,4.2,COD,Delivered
1126,09-12-2023,Chennai,Burger Town,Fast Food,474,30,3.4,COD,Cancelled
1127,12-11-2023,Bangalore,Spice Hub,Non-Veg,342,30,3.1,COD,Delivered
1128,10-04-2023,Delhi,Pizza Corner,Fast Food,191,27,4.6,Card,Cancelled
1129,17-11-2023,Hyderabad,Foodie Palace,Veg,417,38,3,COD,Cancelled
1130,12-08-2023,Hyderabad,Burger Town,Veg,899,28,4.4,UPI,Delivered
1131,31-07-2023,Delhi,Tasty Bites,Fast Food,1443,40,3.1,UPI,Cancelled
1132,10-12-2023,Mumbai,Pizza Corner,Fast Food,921,25,4,UPI,Cancelled
1133,18-10-2023,Mumbai,Pizza Corner,Veg,753,43,2.7,COD,Cancelled
1134,30-12-2023,Chennai,Foodie Palace,Veg,1160,35,2.9,UPI,Cancelled
1135,15-09-2023,Mumbai,Tasty Bites,Desserts,1059,19,3.7,UPI,Delivered
1136,09-03-2023,Hyderabad,Spice Hub,Veg,302,56,4,COD,Cancelled
1137,13-05-2023,Hyderabad,Foodie Palace,Veg,943,28,5,COD,Delivered
1138,13-01-2023,Mumbai,Spice Hub,Veg,246,43,3.9,COD,Cancelled
1139,21-03-2023,Hyderabad,Foodie Palace,Non-Veg,248,27,3.5,Card,Delivered
1140,10-01-2023,Bangalore,Burger Town,Desserts,782,55,4.3,Card,Cancelled
1141,18-01-2023,Mumbai,Spice Hub,Non-Veg,608,16,2.8,UPI,Delivered
1142,10-09-2023,Hyderabad,Foodie Palace,Veg,1331,29,4.3,UPI,Delivered
1143,11-12-2023,Hyderabad,Foodie Palace,Desserts,959,22,3.1,Card,Cancelled
1144,03-08-2023,Bangalore,Pizza Corner,Fast Food,1258,31,3.1,Card,Delivered
1145,19-04-2023,Bangalore,Foodie Palace,Non-Veg,641,25,3.4,COD,Delivered
1146,19-07-2023,Hyderabad,Foodie Palace,Veg,358,40,4.1,Card,Cancelled
1147,30-01-2023,Mumbai,Pizza Corner,Veg,1197,38,4.4,Card,Delivered
1148,19-04-2023,Hyderabad,Tasty Bites,Veg,995,52,2.5,Card,Cancelled
1149,09-12-2023,Chennai,Burger Town,Desserts,683,56,4.1,COD,Delivered
1150,23-01-2023,Mumbai,Pizza Corner,Veg,1110,49,2.7,Card,Cancelled
1151,28-08-2023,Mumbai,Burger Town,Veg,925,16,4.9,UPI,Cancelled
1152,01-04-2023,Chennai,Foodie Palace,Veg,395,54,3.5,UPI,Cancelled
1153,30-10-2023,Mumbai,Pizza Corner,Desserts,752,33,4.5,UPI,Delivered
1154,21-06-2023,Hyderabad,Burger Town,Veg,1347,38,2.9,UPI,Delivered
1155,20-01-2023,Hyderabad,Tasty Bites,Veg,1310,45,2.6,COD,Cancelled
1156,25-11-2023,Bangalore,Spice Hub,Desserts,703,59,3.9,UPI,Cancelled
1157,08-10-2023,Delhi,Foodie Palace,Non-Veg,267,40,4.5,COD,Delivered
1158,31-05-2023,Bangalore,Foodie Palace,Veg,155,24,3.9,COD,Cancelled
1159,28-01-2023,Chennai,Burger Town,Non-Veg,545,48,3.3,UPI,Cancelled
1160,01-12-2023,Delhi,Spice Hub,Desserts,237,27,4.2,UPI,Delivered
1161,02-04-2023,Bangalore,Burger Town,Veg,1099,48,2.8,Card,Delivered
1162,09-02-2023,Hyderabad,Spice Hub,Fast Food,1422,42,3.3,COD,Delivered
1163,09-04-2023,Delhi,Pizza Corner,Non-Veg,618,59,4.2,UPI,Cancelled
1164,19-09-2023,Hyderabad,Foodie Palace,Desserts,1064,49,3.9,UPI,Delivered
1165,08-12-2023,Delhi,Burger Town,Fast Food,557,29,2.7,Card,Cancelled
1166,29-04-2023,Chennai,Pizza Corner,Non-Veg,669,27,4.7,COD,Cancelled
1167,07-10-2023,Chennai,Burger Town,Veg,1203,41,4.1,COD,Delivered
1168,20-12-2023,Chennai,Pizza Corner,Non-Veg,985,37,4.6,UPI,Delivered
1169,08-09-2023,Hyderabad,Foodie Palace,Fast Food,246,26,2.7,COD,Cancelled
1170,21-04-2023,Delhi,Tasty Bites,Non-Veg,556,15,3,COD,Delivered
1171,14-04-2023,Bangalore,Pizza Corner,Veg,484,21,3.4,Card,Cancelled
1172,06-10-2023,Bangalore,Foodie Palace,Fast Food,169,25,4.7,COD,Cancelled
1173,30-07-2023,Bangalore,Tasty Bites,Fast Food,824,57,2.8,Card,Delivered
1174,03-07-2023,Bangalore,Burger Town,Veg,447,30,3.6,UPI,Delivered
1175,21-09-2023,Mumbai,Foodie Palace,Veg,1491,42,4.4,COD,Delivered
1176,13-11-2023,Mumbai,Pizza Corner,Fast Food,1297,53,4.6,UPI,Delivered
1177,19-02-2023,Chennai,Pizza Corner,Fast Food,513,40,3.2,UPI,Delivered
1178,12-10-2023,Mumbai,Tasty Bites,Veg,768,36,3.4,UPI,Delivered
1179,31-01-2023,Mumbai,Pizza Corner,Veg,587,40,3,COD,Delivered
1180,25-08-2023,Chennai,Pizza Corner,Fast Food,577,23,2.5,COD,Delivered
1181,26-09-2023,Mumbai,Burger Town,Desserts,1240,60,4.2,UPI,Delivered
1182,17-01-2023,Bangalore,Foodie Palace,Fast Food,650,48,3.8,UPI,Delivered
1183,11-06-2023,Delhi,Tasty Bites,Veg,245,60,3.8,COD,Cancelled
1184,12-06-2023,Hyderabad,Tasty Bites,Veg,690,41,2.6,UPI,Delivered
1185,18-05-2023,Chennai,Burger Town,Desserts,962,21,3.8,Card,Cancelled
1186,18-05-2023,Delhi,Pizza Corner,Fast Food,402,45,4.2,COD,Cancelled
1187,03-12-2023,Chennai,Foodie Palace,Non-Veg,422,21,3.4,Card,Cancelled
1188,01-12-2023,Bangalore,Foodie Palace,Veg,986,49,4.4,UPI,Delivered
1189,10-05-2023,Delhi,Burger Town,Veg,467,30,3.8,UPI,Delivered
1190,19-11-2023,Mumbai,Tasty Bites,Veg,255,27,3.6,COD,Cancelled
1191,10-06-2023,Hyderabad,Foodie Palace,Fast Food,218,21,3.2,COD,Delivered
1192,28-08-2023,Bangalore,Pizza Corner,Desserts,144,43,3.2,COD,Cancelled
1193,10-11-2023,Chennai,Spice Hub,Desserts,309,45,3.6,COD,Delivered
1194,02-09-2023,Delhi,Spice Hub,Fast Food,295,36,3.1,COD,Delivered
1195,13-07-2023,Chennai,Foodie Palace,Non-Veg,1490,17,4.2,COD,Cancelled
1196,03-06-2023,Chennai,Burger Town,Veg,1044,35,2.6,Card,Delivered
1197,18-01-2023,Mumbai,Tasty Bites,Veg,695,37,4.5,Card,Cancelled
1198,14-03-2023,Mumbai,Pizza Corner,Non-Veg,1358,32,4.9,COD,Delivered
1199,03-09-2023,Chennai,Burger Town,Desserts,1148,35,3.1,UPI,Delivered
1200,28-05-2023,Delhi,Foodie Palace,Fast Food,1116,44,4.9,COD,Cancelled
